age,gender,race_ethnicity,degree_program,heard_ccm_website,heard_social_media,heard_community_event,heard_family_friend,heard_current_student,heard_alumni,heard_hs_teacher,heard_hs_counselor,heard_in_app_ad,heard_employer,heard_billboard,heard_tv,heard_radio,heard_other,impact_affordable_cost,impact_location,impact_program_choice,impact_online_offerings,impact_family_friend_referral,impact_faculty_staff,impact_reputation,impact_financial_aid,impact_scholarships,impact_small_classes,impact_extracurricular,impact_transfer_credits,impact_negative_experience,impact_nj_stars,impact_transfer_ability,impact_hs_credit,event_open_house,event_instant_decision,event_on_campus_session,event_titans_tuesday,event_women_who_dare,event_college_fair,event_sharetime,event_challenger,event_cybersecurity,event_hs_info_session,event_hs_campus_visit,event_individual_campus_visit,event_workforce_dev,event_corporate_training,event_teen_arts,event_summer_camp,computing_hs_class,computing_hs_club,computing_competitions,computing_afterschool,computing_summer_camp,computing_ap_class,computing_dual_enrollment,computing_family_influence,computing_family_in_field,computing_hs_teacher_counselor,computing_employer_influence,computing_current_student,computing_work_experience,computing_other,motivation_job,motivation_transfer_bach,motivation_hs_transfer,motivation_career_advancement,motivation_career_change,motivation_prof_development,motivation_job_displacement,motivation_relocation,motivation_stay_current,motivation_certifications,motivation_financial,motivation_personal_enrichment
21-24,Man,White/Caucasian,Mechanical Engineering Technologies ,Yes,Yes,Yes,Yes,Yes,Yes,Yes,Yes,No,No,No,No,No,No,High Impact,High Impact,Some Impact,Some Impact,Some Impact,No Impact,Some Impact,No Impact,No Impact,No Impact,No Impact,Some Impact,No Impact,No Impact,High Impact,Some Impact,No,No,No,No,No,No,No,No,No,No,No,Yes,No,No,No,Yes,No Impact,No Impact,Some Impact,No Impact,No Impact,No Impact,No Impact,No Impact,No Impact,No Impact,No Impact,No Impact,No Impact,No Impact,,,,,,,,,,,,
18 and younger,Man,Multi-Racial,Computer Science,No,No,Yes,No,No,No,Yes,Don't recall,No,No,No,No,No,Don't recall,Some Impact,Some Impact,Some Impact,No Impact,,No Impact,Some Impact,Some Impact,No Impact,No Impact,No Impact,,,No Impact,No Impact,,Yes,No,No,No,No,Not Sure,No,No,No,No,No,No,No,No,No,Not Sure,,,,,,,,,,,,,,High Impact,Yes,No,No,No,No,No,No,No,No,No,No,Yes
18 and younger,Man,Multi-Racial,Computer Science,No,No,No,Yes,No,Yes,No,Yes,No,No,No,No,No,No,High Impact,Some Impact,Some Impact,No Impact,High Impact,Some Impact,High Impact,Some Impact,Some Impact,Some Impact,Some Impact,No Impact,No Impact,No Impact,High Impact,No Impact,No,No,No,No,No,No,No,No,No,No,No,No,No,No,No,No,Some Impact,Some Impact,High Impact,Some Impact,Some Impact,No Impact,No Impact,High Impact,High Impact,High Impact,Some Impact,Some Impact,Some Impact,No Impact,Yes,Yes,No,No,No,Yes,No,No,Yes,No,No,No
19-20,Man,Hispanic or Latino,Mechanical Engineering,Yes,Yes,Yes,Yes,No,No,Yes,Yes,No,No,Yes,Yes,No,No,High Impact,High Impact,High Impact,Some Impact,High Impact,Some Impact,Some Impact,Some Impact,Some Impact,No Impact,Some Impact,Some Impact,No Impact,High Impact,High Impact,No Impact,Yes,No,Yes,No,No,No,No,No,No,Yes,Yes,Yes,No,No,No,No,High Impact,High Impact,No Impact,No Impact,No Impact,No Impact,No Impact,No Impact,No Impact,Some Impact,No Impact,Some Impact,Some Impact,No Impact,,,,,,,,,,,,
19-20,Man,Asian,Computer Science,No,No,No,Yes,No,No,Yes,No,No,Yes,No,No,No,No,High Impact,High Impact,Some Impact,Some Impact,High Impact,Some Impact,Some Impact,No Impact,No Impact,No Impact,No Impact,No Impact,No Impact,No Impact,Some Impact,Some Impact,No,No,No,No,No,No,No,No,No,No,No,No,No,No,No,No,Some Impact,No Impact,No Impact,No Impact,No Impact,No Impact,No Impact,Some Impact,Some Impact,Some Impact,No Impact,No Impact,No Impact,No Impact,Yes,Yes,No,Yes,No,No,No,No,Yes,No,No,Yes
21-24,Man,White/Caucasian,Undecided,No,No,No,No,No,Yes,No,No,No,Yes,No,No,No,No,No Impact,No Impact,No Impact,No Impact,No Impact,No Impact,No Impact,No Impact,No Impact,No Impact,No Impact,No Impact,No Impact,No Impact,No Impact,No Impact,No,No,No,No,No,No,No,No,No,No,No,No,No,No,No,No,No Impact,No Impact,No Impact,No Impact,No Impact,No Impact,No Impact,No Impact,No Impact,No Impact,High Impact,No Impact,High Impact,No Impact,,,,,,,,,,,,
19-20,Man,Asian,Business,Yes,Yes,Don't recall,Yes,No,No,Yes,Yes,No,No,No,No,No,No,High Impact,High Impact,High Impact,High Impact,No Impact,No Impact,Some Impact,Some Impact,Some Impact,Some Impact,No Impact,Some Impact,No Impact,No Impact,High Impact,No Impact,No,No,No,No,No,No,No,No,No,No,No,No,No,No,No,No,Some Impact,Some Impact,Some Impact,Some Impact,Some Impact,Some Impact,Some Impact,Some Impact,Some Impact,Some Impact,Some Impact,Some Impact,Some Impact,Some Impact,,,,,,,,,,,,
19-20,Woman,Asian,Undecided,Yes,Yes,No,Yes,Yes,Yes,Yes,Yes,No,No,No,No,No,No,High Impact,High Impact,High Impact,Some Impact,Some Impact,Some Impact,Some Impact,Some Impact,Some Impact,Some Impact,Some Impact,Some Impact,No Impact,No Impact,High Impact,Some Impact,No,No,No,No,No,No,No,No,No,No,No,No,No,No,No,No,No Impact,No Impact,No Impact,No Impact,No Impact,No Impact,No Impact,No Impact,No Impact,No Impact,No Impact,No Impact,No Impact,No Impact,,,,,,,,,,,,
18 and younger,Woman,Hispanic or Latino,"Technical Studies, Applied Associate of Science",No,No,No,No,No,No,Yes,Yes,No,No,No,No,No,No,High Impact,No Impact,No Impact,No Impact,No Impact,Some Impact,No Impact,High Impact,High Impact,High Impact,No Impact,High Impact,No Impact,High Impact,High Impact,No Impact,No,No,Yes,No,No,No,No,No,No,Yes,Yes,No,No,No,No,No,No Impact,Some Impact,High Impact,No Impact,No Impact,No Impact,Some Impact,No Impact,No Impact,High Impact,Some Impact,No Impact,High Impact,No Impact,Yes,Yes,No,Yes,No,Yes,No,No,No,No,Yes,Yes
18 and younger,Man,White/Caucasian,Computer Science,No,No,No,Yes,No,No,No,No,No,No,No,No,No,No,High Impact,No Impact,No Impact,No Impact,High Impact,No Impact,No Impact,No Impact,No Impact,No Impact,No Impact,No Impact,No Impact,No Impact,High Impact,No Impact,No,No,No,No,No,No,No,No,No,No,No,No,No,No,No,No,No Impact,No Impact,No Impact,No Impact,No Impact,High Impact,No Impact,No Impact,No Impact,No Impact,No Impact,No Impact,No Impact,No Impact,Yes,Yes,No,Yes,No,No,No,No,No,No,Yes,No
19-20,Man,Hispanic or Latino,Information Security Certificate of Achievement,No,No,No,Yes,No,No,Yes,Yes,No,No,No,No,No,No,High Impact,High Impact,High Impact,No Impact,No Impact,No Impact,High Impact,High Impact,No Impact,High Impact,No Impact,No Impact,No Impact,No Impact,,No Impact,No,No,No,No,No,No,No,No,No,No,No,No,No,No,No,No,No Impact,No Impact,No Impact,No Impact,No Impact,No Impact,No Impact,No Impact,No Impact,High Impact,No Impact,High Impact,No Impact,No Impact,Yes,Yes,No,No,No,No,No,No,Yes,Yes,Yes,Yes
18 and younger,Man,Hispanic or Latino,Electrical Engineering,Yes,Yes,No,No,No,No,No,No,No,No,No,No,No,No,High Impact,High Impact,High Impact,No Impact,Some Impact,No Impact,High Impact,High Impact,No Impact,Some Impact,No Impact,No Impact,No Impact,No Impact,High Impact,No Impact,Yes,Yes,Yes,No,No,No,Yes,No,No,Yes,No,Yes,No,No,No,No,No Impact,No Impact,No Impact,No Impact,No Impact,No Impact,No Impact,No Impact,No Impact,No Impact,No Impact,No Impact,No Impact,No Impact,,,,,,,,,,,,
18 and younger,Man,Multi-Racial,Computer Science,No,No,No,No,Yes,No,Yes,No,No,No,No,No,No,Yes,High Impact,High Impact,Some Impact,Some Impact,No Impact,No Impact,No Impact,No Impact,No Impact,Some Impact,No Impact,No Impact,No Impact,No Impact,High Impact,No Impact,Yes,No,No,No,No,No,No,No,No,No,No,Yes,No,No,No,No,High Impact,High Impact,High Impact,No Impact,No Impact,No Impact,No Impact,No Impact,No Impact,High Impact,No Impact,No Impact,No Impact,High Impact,Yes,No,No,No,No,No,No,No,Yes,No,Yes,Yes
25-34,Man,Hispanic or Latino,Information Security Certificate of Achievement,No,Yes,No,Yes,No,No,Yes,Yes,No,No,Yes,No,No,No,High Impact,Some Impact,Some Impact,No Impact,Some Impact,No Impact,Some Impact,Some Impact,No Impact,High Impact,Some Impact,High Impact,No Impact,No Impact,Some Impact,No Impact,No,No,No,No,No,No,No,No,Yes,No,No,Yes,No,No,No,No,No Impact,No Impact,No Impact,No Impact,No Impact,No Impact,No Impact,No Impact,No Impact,No Impact,No Impact,No Impact,No Impact,No Impact,Yes,Yes,No,No,Yes,Yes,No,No,No,Yes,Yes,Yes
25-34,Man,Asian,Computer Science,Yes,No,No,No,No,No,No,No,No,No,No,No,No,Yes,High Impact,High Impact,High Impact,Some Impact,No Impact,No Impact,No Impact,No Impact,No Impact,No Impact,No Impact,No Impact,Some Impact,No Impact,No Impact,No Impact,No,No,No,No,No,No,No,No,No,No,No,No,No,No,No,No,No Impact,No Impact,No Impact,No Impact,No Impact,No Impact,No Impact,No Impact,No Impact,No Impact,No Impact,No Impact,No Impact,No Impact,Yes,Yes,Yes,Yes,Yes,Yes,No,No,Yes,Yes,Yes,Yes
18 and younger,Man,Black/African American,Computer Science,No,No,No,No,Yes,No,No,No,No,No,No,No,No,No,High Impact,No Impact,Some Impact,No Impact,No Impact,No Impact,No Impact,High Impact,Some Impact,No Impact,High Impact,Some Impact,No Impact,No Impact,High Impact,High Impact,No,No,No,No,No,No,No,No,No,No,No,No,No,No,No,No,No Impact,No Impact,No Impact,No Impact,No Impact,No Impact,No Impact,No Impact,No Impact,No Impact,No Impact,High Impact,No Impact,High Impact,Yes,Yes,No,Yes,Yes,No,Yes,No,No,No,Yes,Yes
19-20,Man,White/Caucasian,Liberal Arts,No,No,No,Yes,Yes,Yes,Yes,Yes,No,No,No,No,No,Don't recall,High Impact,High Impact,Some Impact,Some Impact,High Impact,Some Impact,High Impact,High Impact,No Impact,No Impact,No Impact,No Impact,No Impact,No Impact,Some Impact,No Impact,No,No,No,No,No,No,No,No,No,Yes,No,Yes,No,No,No,No,No Impact,No Impact,No Impact,No Impact,No Impact,No Impact,No Impact,No Impact,No Impact,Some Impact,No Impact,No Impact,No Impact,No Impact,,,,,,,,,,,,
18 and younger,Man,White/Caucasian,Computer Science,Yes,No,Yes,No,No,No,No,Yes,No,No,No,No,No,No,High Impact,High Impact,Some Impact,Some Impact,Some Impact,High Impact,Some Impact,Some Impact,Some Impact,Some Impact,Some Impact,No Impact,No Impact,No Impact,Some Impact,No Impact,No,No,No,No,No,No,No,No,No,No,No,No,No,No,No,No,No Impact,No Impact,No Impact,No Impact,No Impact,No Impact,No Impact,No Impact,No Impact,No Impact,No Impact,No Impact,No Impact,No Impact,Yes,Yes,No,No,No,Yes,No,No,Yes,No,No,Yes
35-64,Man,Black/African American,Electrical Engineering,Yes,No,No,No,Yes,No,No,No,No,No,No,No,No,No,No Impact,No Impact,No Impact,Some Impact,No Impact,No Impact,No Impact,No Impact,No Impact,No Impact,No Impact,No Impact,No Impact,No Impact,No Impact,No Impact,No,No,No,No,No,No,No,No,No,No,No,Yes,No,No,No,No,No Impact,No Impact,No Impact,No Impact,No Impact,No Impact,No Impact,No Impact,No Impact,No Impact,No Impact,No Impact,No Impact,No Impact,,,,,,,,,,,,
21-24,Man,Black/African American,Information Technology,Yes,No,No,Yes,No,No,No,No,No,Yes,No,No,No,No,High Impact,High Impact,High Impact,Some Impact,Some Impact,Some Impact,High Impact,High Impact,Some Impact,Some Impact,Some Impact,High Impact,High Impact,No Impact,High Impact,No Impact,No,No,Yes,No,No,No,No,No,No,No,No,No,No,No,No,No,Some Impact,No Impact,No Impact,No Impact,No Impact,No Impact,No Impact,High Impact,High Impact,No Impact,No Impact,No Impact,Some Impact,No Impact,Yes,No,No,No,No,Yes,Yes,Yes,Yes,Yes,Yes,Yes
18 and younger,Man,Choose not to reply,Computer Science,No,No,No,Yes,No,No,No,No,No,No,No,No,No,No,High Impact,High Impact,No Impact,No Impact,High Impact,No Impact,High Impact,No Impact,No Impact,No Impact,No Impact,No Impact,No Impact,No Impact,High Impact,No Impact,No,No,No,No,No,No,No,No,No,No,No,No,No,No,No,No,No Impact,No Impact,No Impact,No Impact,Some Impact,No Impact,No Impact,No Impact,No Impact,No Impact,No Impact,No Impact,No Impact,High Impact,Yes,Yes,No,Yes,No,Yes,No,No,Yes,Yes,Yes,Yes
19-20,Woman,Multi-Racial,Computer Science,Don't recall,Don't recall,Don't recall,Yes,No,Don't recall,No,Yes,No,No,No,No,No,Don't recall,Some Impact,High Impact,,,High Impact,,,High Impact,,,,,,High Impact,High Impact,,No,No,Not Sure,No,No,No,No,No,No,No,No,No,No,No,No,No,Some Impact,High Impact,Some Impact,Some Impact,,,,,,,,,,High Impact,Yes,Yes,No,No,No,No,No,No,No,No,No,Yes
25-34,Man,Hispanic or Latino,Computer Science,No,No,No,No,No,No,Yes,No,No,No,No,No,No,No,Some Impact,High Impact,High Impact,,,,,,,,,,,,,,No,No,No,No,No,No,No,No,No,No,No,No,No,No,No,No,,,,,,,,,,,High Impact,,High Impact,,Yes,No,No,Yes,No,Yes,No,No,No,No,No,No
25-34,Man,White/Caucasian,"Technical Studies, Applied Associate of Science",Yes,Yes,Yes,Yes,Yes,No,Yes,Yes,No,No,No,Yes,No,No,High Impact,High Impact,Some Impact,Some Impact,High Impact,No Impact,High Impact,No Impact,No Impact,Some Impact,Some Impact,High Impact,No Impact,No Impact,,No Impact,Yes,No,Yes,No,No,No,No,No,No,No,No,No,No,No,No,No,Some Impact,Some Impact,Some Impact,Some Impact,Some Impact,Some Impact,Some Impact,Some Impact,Some Impact,Some Impact,Some Impact,Some Impact,Some Impact,Some Impact,No,Yes,No,Yes,Yes,Yes,Yes,No,Yes,Yes,No,Yes
18 and younger,Man,White/Caucasian,Non Degree seeking,No,No,No,No,No,No,No,Yes,No,No,No,No,No,No,No Impact,No Impact,No Impact,No Impact,No Impact,No Impact,No Impact,No Impact,No Impact,No Impact,No Impact,No Impact,No Impact,No Impact,High Impact,High Impact,No,No,Yes,No,No,No,No,No,No,No,No,No,No,No,No,No,No Impact,No Impact,No Impact,No Impact,No Impact,No Impact,High Impact,No Impact,No Impact,No Impact,No Impact,No Impact,No Impact,No Impact,,,,,,,,,,,,
19-20,Woman,Hispanic or Latino,Non Degree seeking,Yes,No,No,Yes,No,No,No,No,No,No,No,No,No,No,High Impact,High Impact,High Impact,High Impact,High Impact,No Impact,Some Impact,High Impact,No Impact,High Impact,No Impact,High Impact,High Impact,No Impact,High Impact,No Impact,No,No,No,No,No,No,No,No,No,No,No,No,No,No,No,No,Some Impact,No Impact,No Impact,No Impact,No Impact,Some Impact,No Impact,No Impact,No Impact,No Impact,No Impact,No Impact,No Impact,No Impact,,,,,,,,,,,,
19-20,Man,White/Caucasian,Computer Science,No,No,No,No,No,No,No,No,No,No,No,No,No,Yes,High Impact,High Impact,Some Impact,No Impact,No Impact,No Impact,Some Impact,No Impact,No Impact,No Impact,No Impact,No Impact,Some Impact,No Impact,High Impact,No Impact,No,No,No,No,No,No,No,No,No,No,No,No,No,No,No,Yes,High Impact,,,,Some Impact,,,,,,,,,,Yes,No,No,No,No,No,No,No,No,No,No,No
25-34,Man,Hispanic or Latino,Mechanical Engineering,Yes,No,No,Yes,Yes,No,Yes,Yes,No,No,No,No,No,No,Some Impact,High Impact,High Impact,Some Impact,Some Impact,High Impact,Some Impact,High Impact,Some Impact,High Impact,Some Impact,No Impact,No Impact,No Impact,High Impact,No Impact,No,No,No,No,No,No,No,No,No,No,No,No,No,No,No,No,Some Impact,Some Impact,Some Impact,Some Impact,No Impact,No Impact,No Impact,No Impact,No Impact,No Impact,No Impact,No Impact,No Impact,No Impact,,,,,,,,,,,,
21-24,Man,Hispanic or Latino,Computer Science,No,Yes,No,Yes,Yes,Yes,No,No,No,No,No,No,No,No,Some Impact,High Impact,High Impact,High Impact,Some Impact,Some Impact,High Impact,High Impact,High Impact,No Impact,High Impact,No Impact,No Impact,Some Impact,High Impact,,No,No,Yes,No,No,No,No,No,No,No,No,No,No,No,No,No,High Impact,High Impact,High Impact,Some Impact,Some Impact,Some Impact,Some Impact,No Impact,Some Impact,No Impact,High Impact,No Impact,High Impact,High Impact,No,Yes,No,Yes,No,Yes,No,No,Yes,Yes,Yes,Yes
19-20,Man,Asian,Computer Science,Yes,No,Yes,Yes,Yes,No,Yes,Yes,No,No,No,No,No,Don't recall,Some Impact,High Impact,Some Impact,Some Impact,No Impact,No Impact,No Impact,No Impact,Some Impact,No Impact,Some Impact,High Impact,Some Impact,No Impact,High Impact,No Impact,No,No,No,Yes,No,No,No,No,Not Sure,No,No,No,No,No,No,No,High Impact,Some Impact,High Impact,High Impact,Some Impact,High Impact,No Impact,Some Impact,Some Impact,No Impact,Some Impact,Some Impact,No Impact,No Impact,Yes,Yes,No,Yes,No,Yes,Yes,No,Yes,Yes,No,No
18 and younger,Man,Asian,Computer Science,No,No,No,Yes,No,Yes,Yes,Yes,No,No,No,No,No,No,Some Impact,Some Impact,No Impact,No Impact,High Impact,No Impact,Some Impact,No Impact,No Impact,No Impact,No Impact,No Impact,No Impact,No Impact,High Impact,No Impact,No,Yes,No,No,No,No,No,No,No,Yes,No,No,No,No,No,No,High Impact,High Impact,High Impact,No Impact,No Impact,High Impact,No Impact,High Impact,High Impact,No Impact,No Impact,No Impact,No Impact,No Impact,Yes,Yes,No,Yes,No,No,No,No,No,No,No,No
19-20,Man,Hispanic or Latino,Computer Science,No,No,No,Yes,Yes,Yes,Yes,Yes,No,No,No,No,No,No,High Impact,High Impact,Some Impact,Some Impact,Some Impact,,Some Impact,High Impact,High Impact,Some Impact,No Impact,No Impact,No Impact,,High Impact,Some Impact,No,No,No,No,No,No,No,No,No,No,No,No,No,No,No,No,High Impact,Some Impact,,,,High Impact,,Some Impact,High Impact,Some Impact,,,,,Yes,Yes,No,Yes,No,Yes,No,No,No,Yes,No,No
19-20,Man,Multi-Racial,Computer Science,No,No,No,No,Yes,Don't recall,Yes,Yes,No,No,No,No,No,No,High Impact,No Impact,No Impact,No Impact,No Impact,No Impact,High Impact,High Impact,No Impact,Some Impact,,,,,High Impact,,No,No,No,No,No,No,No,No,No,No,No,No,No,No,No,No,No Impact,No Impact,No Impact,No Impact,No Impact,No Impact,No Impact,Some Impact,Some Impact,No Impact,No Impact,Some Impact,High Impact,No Impact,Yes,Yes,No,Yes,Yes,Yes,Yes,No,No,No,Yes,Yes
25-34,Woman,Hispanic or Latino,Information Technology,Yes,Yes,No,Yes,Yes,Yes,Yes,No,No,Yes,Yes,No,No,No,High Impact,High Impact,High Impact,High Impact,No Impact,No Impact,High Impact,Some Impact,Some Impact,High Impact,,,,,High Impact,,No,No,No,No,No,No,No,No,No,No,No,No,No,No,No,No,High Impact,No Impact,No Impact,No Impact,Some Impact,No Impact,No Impact,No Impact,No Impact,No Impact,No Impact,No Impact,No Impact,No Impact,Yes,Yes,No,Yes,Yes,Yes,No,No,Yes,Yes,Yes,Yes
21-24,Man,Hispanic or Latino,Information Technology,No,No,No,Yes,No,No,No,No,No,No,No,No,No,No,High Impact,High Impact,High Impact,No Impact,No Impact,No Impact,High Impact,No Impact,No Impact,No Impact,No Impact,No Impact,No Impact,No Impact,High Impact,No Impact,No,No,Yes,Yes,No,No,No,No,No,No,No,Yes,No,No,No,No,No Impact,No Impact,No Impact,No Impact,No Impact,No Impact,No Impact,High Impact,High Impact,No Impact,No Impact,No Impact,No Impact,No Impact,Yes,Yes,No,No,No,No,No,No,No,No,No,No
19-20,Man,Multi-Racial,Information Technology,Yes,No,No,Yes,No,Yes,No,Yes,No,No,Yes,No,No,Don't recall,High Impact,High Impact,Some Impact,,No Impact,Some Impact,High Impact,,High Impact,High Impact,No Impact,High Impact,No Impact,,High Impact,,No,Yes,No,No,No,No,No,No,No,Yes,Yes,No,Not Sure,No,No,No,Some Impact,Some Impact,Some Impact,,No Impact,,,,,,Some Impact,,Some Impact,High Impact,Yes,Yes,No,Yes,Yes,Yes,Yes,Yes,Yes,Yes,Yes,Yes
19-20,Man,Black/African American,Computer Science,No,No,No,No,No,No,Yes,Yes,No,No,No,No,No,No,High Impact,High Impact,Some Impact,Some Impact,Some Impact,Some Impact,Some Impact,Some Impact,Some Impact,No Impact,No Impact,No Impact,No Impact,No Impact,High Impact,No Impact,No,No,No,No,No,No,No,No,No,No,No,No,No,No,No,No,Some Impact,No Impact,No Impact,No Impact,No Impact,No Impact,No Impact,Some Impact,No Impact,Some Impact,No Impact,No Impact,Some Impact,Some Impact,Yes,No,No,Yes,No,No,No,No,No,No,Yes,Yes
25-34,Man,Black/African American,Computer Science,No,No,No,No,No,Yes,No,No,No,No,No,No,No,Yes,High Impact,High Impact,High Impact,Some Impact,Some Impact,High Impact,High Impact,High Impact,High Impact,Some Impact,No Impact,No Impact,No Impact,No Impact,High Impact,No Impact,Yes,No,No,Yes,No,No,No,No,No,No,No,Yes,No,No,No,No,No Impact,No Impact,No Impact,No Impact,No Impact,No Impact,No Impact,No Impact,No Impact,No Impact,High Impact,No Impact,No Impact,High Impact,Yes,Yes,No,No,No,Yes,No,No,Yes,No,Yes,Yes
18 and younger,Man,Hispanic or Latino,Computer Science,No,No,No,Yes,No,No,No,Yes,No,No,No,No,No,No,High Impact,Some Impact,Some Impact,No Impact,No Impact,No Impact,Some Impact,Some Impact,Some Impact,Some Impact,Some Impact,No Impact,No Impact,No Impact,High Impact,No Impact,No,Yes,No,No,No,No,No,No,No,No,No,No,No,No,No,No,High Impact,No Impact,,,,High Impact,,Some Impact,,Some Impact,,,,,Yes,Yes,No,Yes,Yes,Yes,No,No,No,No,Yes,Yes
25-34,Man,Hispanic or Latino,Information Technology,Don't recall,Don't recall,Don't recall,Yes,Yes,Don't recall,Don't recall,Don't recall,Don't recall,Don't recall,Don't recall,Don't recall,Don't recall,Don't recall,Some Impact,High Impact,No Impact,No Impact,No Impact,No Impact,No Impact,High Impact,No Impact,No Impact,No Impact,No Impact,No Impact,No Impact,No Impact,No Impact,No,No,No,No,No,No,No,No,No,No,No,No,No,No,No,No,No Impact,No Impact,No Impact,No Impact,No Impact,No Impact,No Impact,Some Impact,No Impact,No Impact,No Impact,No Impact,No Impact,No Impact,Yes,Yes,No,Yes,Yes,Yes,Yes,Yes,Yes,Yes,Yes,Yes
25-34,Woman,Asian,Computer Science,Yes,No,No,Yes,Yes,No,No,No,No,No,No,No,No,No,High Impact,High Impact,High Impact,High Impact,,,High Impact,High Impact,High Impact,No Impact,Some Impact,,,,High Impact,High Impact,No,No,No,No,No,No,No,No,No,No,No,No,No,No,No,No,,,,,,,,Some Impact,,,,High Impact,Some Impact,,Yes,Yes,No,Yes,Yes,Yes,No,No,No,Yes,Yes,Yes
19-20,Man,Hispanic or Latino,Information Technology,No,No,No,Yes,Yes,No,No,No,No,No,No,No,No,No,High Impact,High Impact,Some Impact,Some Impact,High Impact,No Impact,Some Impact,Some Impact,No Impact,No Impact,No Impact,High Impact,No Impact,No Impact,High Impact,No Impact,No,No,No,No,No,No,No,No,No,No,No,No,No,No,No,No,Some Impact,No Impact,No Impact,No Impact,No Impact,High Impact,No Impact,High Impact,No Impact,No Impact,No Impact,High Impact,No Impact,No Impact,Yes,No,No,Yes,Yes,No,No,No,No,Yes,No,Yes
18 and younger,Man,Hispanic or Latino,Cybersecurity,No,No,No,No,No,No,No,No,No,No,No,No,No,Yes,No Impact,No Impact,No Impact,No Impact,No Impact,No Impact,No Impact,No Impact,No Impact,No Impact,No Impact,No Impact,No Impact,No Impact,No Impact,No Impact,Yes,No,Not Sure,No,Yes,No,Not Sure,No,Yes,No,Not Sure,No,No,No,No,No,No Impact,Some Impact,No Impact,No Impact,Some Impact,Some Impact,Some Impact,Some Impact,Some Impact,No Impact,High Impact,Some Impact,Some Impact,High Impact,,,,,,,,,,,,
18 and younger,Woman,Hispanic or Latino,Computer Science,No,No,No,Yes,Yes,Yes,No,No,No,No,No,No,No,No,,,,,,,,,,,,,,,,High Impact,No,No,No,No,No,No,No,No,No,No,No,No,No,No,No,No,,,,,,,High Impact,,,,,,,,No,No,Yes,No,No,No,No,No,No,No,No,No
18 and younger,Woman,Hispanic or Latino,Cybersecurity,No,No,No,No,No,No,Yes,Yes,No,No,No,No,No,No,No Impact,High Impact,No Impact,No Impact,No Impact,No Impact,No Impact,No Impact,High Impact,No Impact,No Impact,No Impact,No Impact,No Impact,No Impact,High Impact,No,No,No,No,No,No,No,No,Yes,No,No,No,No,No,No,No,No Impact,No Impact,No Impact,No Impact,No Impact,High Impact,No Impact,No Impact,No Impact,High Impact,No Impact,No Impact,No Impact,No Impact,,,,,,,,,,,,
18 and younger,Man,Asian,Information Technology,Yes,No,No,No,No,No,Yes,No,No,No,No,No,No,No,High Impact,No Impact,High Impact,No Impact,No Impact,No Impact,No Impact,No Impact,No Impact,No Impact,No Impact,No Impact,No Impact,No Impact,No Impact,High Impact,No,No,No,No,No,No,No,No,No,No,No,No,No,No,No,No,Some Impact,Some Impact,No Impact,No Impact,No Impact,No Impact,No Impact,Some Impact,Some Impact,No Impact,No Impact,No Impact,No Impact,High Impact,Yes,Yes,No,Yes,No,Yes,No,No,No,Yes,No,Yes
18 and younger,Man,White/Caucasian,Computer Science,No,No,No,Yes,No,No,No,No,No,No,No,No,No,No,,,High Impact,,,,Some Impact,,,,,,,High Impact,High Impact,High Impact,No,No,No,No,No,No,No,No,No,No,No,No,No,No,No,No,No Impact,Some Impact,No Impact,No Impact,No Impact,No Impact,High Impact,No Impact,No Impact,No Impact,No Impact,No Impact,No Impact,No Impact,Yes,Yes,Yes,Yes,No,Yes,No,No,No,Yes,No,Yes
18 and younger,Man,Black/African American,Information Technology,Yes,No,No,Yes,Yes,No,Yes,Yes,No,No,No,No,No,No,No Impact,No Impact,No Impact,No Impact,No Impact,No Impact,No Impact,No Impact,No Impact,No Impact,No Impact,No Impact,No Impact,No Impact,No Impact,No Impact,No,No,No,No,No,No,Yes,Yes,Yes,No,No,No,No,No,No,No,No Impact,No Impact,No Impact,No Impact,No Impact,Some Impact,Some Impact,No Impact,Some Impact,No Impact,Some Impact,Some Impact,Some Impact,Some Impact,Yes,Yes,Yes,Yes,Yes,Yes,Yes,Yes,Yes,Yes,Yes,Yes
18 and younger,Woman,Asian,Computer Science,No,No,No,Yes,Yes,Yes,Yes,No,No,No,No,No,No,No,No Impact,High Impact,High Impact,No Impact,Some Impact,Some Impact,No Impact,No Impact,No Impact,No Impact,Some Impact,No Impact,No Impact,No Impact,High Impact,High Impact,No,No,No,No,No,No,Yes,Yes,No,No,No,No,No,No,No,No,,,Some Impact,No Impact,No Impact,No Impact,Some Impact,Some Impact,Some Impact,Some Impact,No Impact,No Impact,No Impact,No Impact,Yes,Yes,Yes,No,No,No,No,No,No,Yes,No,Yes
18 and younger,Man,White/Caucasian,Computer Science,No,No,No,No,No,No,No,Yes,No,No,No,No,No,Yes,No Impact,No Impact,Some Impact,No Impact,No Impact,No Impact,No Impact,No Impact,High Impact,No Impact,No Impact,No Impact,No Impact,No Impact,No Impact,High Impact,No,No,No,No,No,No,Yes,No,No,No,No,No,No,No,No,No,No Impact,No Impact,No Impact,No Impact,No Impact,No Impact,No Impact,No Impact,No Impact,No Impact,No Impact,No Impact,No Impact,No Impact,Yes,No,Yes,No,No,No,No,No,No,No,No,No
18 and younger,Woman,White/Caucasian,Challenger Program,No,No,No,No,No,No,Yes,No,No,No,No,No,No,Yes,No Impact,No Impact,Some Impact,No Impact,No Impact,No Impact,No Impact,No Impact,Some Impact,No Impact,No Impact,No Impact,No Impact,No Impact,No Impact,No Impact,Not Sure,Not Sure,Not Sure,Not Sure,Not Sure,Not Sure,Yes,Yes,Not Sure,Not Sure,Not Sure,Not Sure,Not Sure,Not Sure,Yes,Not Sure,No Impact,No Impact,No Impact,No Impact,No Impact,No Impact,No Impact,No Impact,No Impact,No Impact,No Impact,No Impact,No Impact,No Impact,Yes,Yes,Yes,Yes,No,No,No,No,No,No,No,No
18 and younger,Man,Hispanic or Latino,Computer Science,Yes,No,No,Yes,Yes,No,Yes,Yes,No,No,No,No,No,Don't recall,Some Impact,High Impact,High Impact,Some Impact,No Impact,,Some Impact,Some Impact,Some Impact,High Impact,,,,,High Impact,High Impact,No,No,No,No,No,No,No,No,Yes,No,No,No,No,No,No,No,Some Impact,High Impact,,,,,High Impact,No Impact,,Some Impact,,,,,Yes,Yes,Yes,Yes,No,Yes,No,No,Yes,Yes,Yes,No
18 and younger,Man,White/Caucasian,Information Technology,No,No,No,Yes,No,No,No,No,No,No,No,No,No,No,,No Impact,No Impact,No Impact,No Impact,No Impact,No Impact,,High Impact,No Impact,No Impact,No Impact,No Impact,No Impact,Some Impact,High Impact,No,No,No,No,No,No,Yes,No,No,No,No,No,No,No,No,No,Some Impact,Some Impact,Some Impact,No Impact,No Impact,No Impact,No Impact,No Impact,No Impact,Some Impact,No Impact,No Impact,No Impact,No Impact,Yes,No,No,No,No,No,No,No,No,No,No,No
18 and younger,Man,Hispanic or Latino,Computer Science,No,No,No,No,No,No,Yes,Yes,No,No,No,No,No,No,No Impact,Some Impact,High Impact,No Impact,No Impact,No Impact,No Impact,No Impact,High Impact,No Impact,No Impact,,,,,High Impact,No,No,No,No,No,No,Yes,No,Yes,Yes,No,No,No,No,No,No,Some Impact,Some Impact,High Impact,No Impact,No Impact,,No Impact,No Impact,Some Impact,Some Impact,No Impact,No Impact,No Impact,No Impact,Yes,Yes,Yes,Yes,Yes,Yes,No,No,Yes,No,No,No
18 and younger,Man,White/Caucasian,Computer Science,No,No,No,Yes,No,No,No,Yes,No,No,No,No,No,Yes,No Impact,No Impact,No Impact,No Impact,No Impact,No Impact,Some Impact,No Impact,Some Impact,No Impact,No Impact,No Impact,No Impact,No Impact,Some Impact,High Impact,No,No,No,No,No,No,No,No,No,No,No,No,No,No,No,No,No Impact,No Impact,No Impact,No Impact,No Impact,No Impact,No Impact,No Impact,No Impact,No Impact,No Impact,No Impact,No Impact,No Impact,No,No,No,No,No,No,No,No,No,No,No,No
18 and younger,Man,White/Caucasian,Computer Science,No,No,No,No,No,No,No,Yes,No,No,No,No,No,No,No Impact,No Impact,No Impact,No Impact,No Impact,No Impact,Some Impact,No Impact,High Impact,No Impact,No Impact,Some Impact,No Impact,No Impact,Some Impact,High Impact,No,No,No,No,No,No,Yes,No,No,No,No,No,No,No,No,No,No Impact,No Impact,No Impact,No Impact,No Impact,No Impact,No Impact,No Impact,No Impact,Some Impact,No Impact,Some Impact,No Impact,No Impact,Yes,Yes,Yes,Yes,No,No,No,No,No,No,No,No
18 and younger,Man,White/Caucasian,Information Technology,No,No,No,Yes,Yes,No,No,No,No,No,No,No,No,No,No Impact,No Impact,High Impact,No Impact,High Impact,No Impact,No Impact,No Impact,No Impact,No Impact,No Impact,No Impact,No Impact,No Impact,High Impact,High Impact,No,No,No,No,No,No,Yes,No,No,No,No,No,No,No,No,No,High Impact,Some Impact,No Impact,Some Impact,No Impact,No Impact,No Impact,High Impact,High Impact,Some Impact,No Impact,Some Impact,No Impact,No Impact,Yes,No,Yes,Yes,No,Yes,No,No,No,Yes,No,No
18 and younger,Man,Multi-Racial,Computer Science,No,No,No,No,No,No,Yes,Yes,No,No,No,No,No,Yes,No Impact,No Impact,High Impact,No Impact,No Impact,No Impact,No Impact,No Impact,High Impact,No Impact,No Impact,No Impact,No Impact,No Impact,High Impact,High Impact,No,No,No,No,No,No,Yes,No,No,No,No,No,No,No,No,No,,,,,,,High Impact,,,High Impact,,,,,Yes,Yes,Yes,No,No,No,No,No,No,No,No,No
18 and younger,Woman,Choose not to reply,Information Technology,Yes,No,No,Yes,No,No,Yes,Yes,No,No,No,Yes,No,No,Some Impact,High Impact,High Impact,Some Impact,Some Impact,Some Impact,Some Impact,Some Impact,High Impact,Some Impact,Some Impact,Some Impact,Some Impact,High Impact,Some Impact,Some Impact,Yes,No,Yes,No,No,No,No,No,Yes,No,No,No,No,No,No,No,High Impact,High Impact,High Impact,High Impact,High Impact,No Impact,High Impact,No Impact,No Impact,No Impact,No Impact,No Impact,No Impact,No Impact,Yes,Yes,Yes,No,No,No,No,No,No,Yes,No,No
18 and younger,Man,Choose not to reply,Computer Science,No,No,No,Yes,Yes,Yes,No,No,No,No,No,No,No,No,High Impact,High Impact,High Impact,No Impact,High Impact,No Impact,No Impact,No Impact,No Impact,No Impact,No Impact,High Impact,No Impact,No Impact,High Impact,No Impact,No,No,No,No,No,No,No,No,No,No,No,No,No,No,No,No,High Impact,High Impact,No Impact,No Impact,No Impact,High Impact,High Impact,Some Impact,Some Impact,High Impact,No Impact,No Impact,No Impact,No Impact,Yes,Yes,No,Yes,No,Yes,No,No,No,No,No,No
18 and younger,Woman,Asian,Challenger Program,Yes,Yes,No,No,No,No,Yes,Yes,No,No,No,No,No,No,Some Impact,High Impact,High Impact,,,,Some Impact,,,Some Impact,,,,,,High Impact,No,No,No,No,No,No,No,Yes,No,No,No,No,No,No,No,No,High Impact,No Impact,No Impact,No Impact,No Impact,High Impact,No Impact,High Impact,High Impact,High Impact,No Impact,No Impact,No Impact,No Impact,Yes,Yes,Yes,No,No,Yes,No,No,No,No,No,No
18 and younger,Man,Black/African American,Computer Science,No,No,No,Yes,Yes,No,Yes,Yes,No,No,No,No,No,No,High Impact,High Impact,,,,,,,,,,,,,,,No,No,No,Not Sure,Not Sure,Not Sure,Not Sure,Not Sure,Not Sure,Not Sure,Not Sure,Not Sure,Not Sure,Not Sure,Not Sure,Not Sure,No Impact,Some Impact,Some Impact,No Impact,No Impact,No Impact,No Impact,No Impact,No Impact,No Impact,No Impact,Some Impact,Some Impact,No Impact,Yes,No,No,Yes,No,Yes,No,No,Yes,Yes,Yes,Yes
21-24,Man,Multi-Racial,Computer Science,No,No,No,No,No,No,No,No,No,No,No,No,No,Yes,Some Impact,No Impact,High Impact,No Impact,Some Impact,No Impact,No Impact,No Impact,No Impact,No Impact,No Impact,No Impact,No Impact,No Impact,High Impact,No Impact,No,No,No,No,No,No,No,No,No,No,No,No,No,No,No,No,No Impact,No Impact,No Impact,No Impact,No Impact,No Impact,No Impact,No Impact,No Impact,No Impact,No Impact,No Impact,No Impact,No Impact,No,Yes,No,No,No,No,No,No,No,No,No,Yes
18 and younger,Man,White/Caucasian,electrical engineering  ,Yes,Don't recall,No,No,Yes,No,No,No,No,No,No,No,No,No,High Impact,High Impact,High Impact,High Impact,High Impact,Some Impact,No Impact,No Impact,No Impact,Some Impact,Some Impact,No Impact,No Impact,No Impact,High Impact,No Impact,No,No,Yes,No,No,No,No,No,No,No,No,No,No,No,No,No,No Impact,No Impact,No Impact,No Impact,No Impact,No Impact,No Impact,Some Impact,Some Impact,Some Impact,Some Impact,No Impact,No Impact,No Impact,,,,,,,,,,,,
19-20,Man,White/Caucasian,Business,No,No,No,Yes,No,No,No,No,No,No,No,No,No,No,High Impact,High Impact,High Impact,,,,,High Impact,,,,,,,High Impact,,No,No,No,No,No,No,No,No,No,No,No,No,No,No,No,No,No Impact,No Impact,No Impact,No Impact,No Impact,No Impact,No Impact,No Impact,No Impact,No Impact,No Impact,No Impact,No Impact,No Impact,,,,,,,,,,,,
18 and younger,Man,Multi-Racial,Mechanical engineering technology ,No,No,Yes,No,No,No,Yes,Yes,No,No,No,No,No,No,High Impact,No Impact,High Impact,No Impact,No Impact,High Impact,High Impact,High Impact,High Impact,High Impact,No Impact,High Impact,No Impact,No Impact,High Impact,High Impact,No,No,No,No,No,No,No,No,No,No,Yes,No,No,No,No,No,No Impact,No Impact,No Impact,No Impact,No Impact,No Impact,No Impact,No Impact,No Impact,No Impact,No Impact,No Impact,No Impact,No Impact,,,,,,,,,,,,
18 and younger,Man,White/Caucasian,Computer Science,No,No,No,Yes,No,No,No,No,No,No,No,No,No,No,High Impact,High Impact,High Impact,Some Impact,High Impact,No Impact,High Impact,High Impact,High Impact,No Impact,No Impact,High Impact,No Impact,No Impact,High Impact,High Impact,Yes,No,Yes,No,No,No,No,No,No,No,No,No,No,No,No,No,Some Impact,Some Impact,Some Impact,Some Impact,Some Impact,High Impact,Some Impact,Some Impact,Some Impact,Some Impact,No Impact,No Impact,No Impact,No Impact,Yes,Yes,No,No,No,No,No,No,No,No,No,No
19-20,Man,Asian,Computer Science,No,No,No,Yes,Yes,No,Yes,No,No,No,No,No,No,No,Some Impact,Some Impact,Some Impact,No Impact,High Impact,No Impact,Some Impact,No Impact,No Impact,No Impact,No Impact,No Impact,No Impact,No Impact,High Impact,No Impact,No,No,No,No,No,No,No,No,No,No,No,No,No,No,No,No,High Impact,High Impact,High Impact,High Impact,No Impact,High Impact,No Impact,High Impact,Some Impact,High Impact,No Impact,No Impact,No Impact,High Impact,Yes,Yes,No,No,No,No,No,No,Yes,No,No,Yes
18 and younger,Man,Black/African American,Computer Science,Yes,No,No,Yes,Don't recall,No,Yes,Yes,No,No,No,No,No,No,Some Impact,Some Impact,High Impact,No Impact,Some Impact,Some Impact,High Impact,High Impact,High Impact,No Impact,Some Impact,Some Impact,No Impact,No Impact,High Impact,No Impact,Not Sure,No,No,Yes,No,Yes,No,No,No,Yes,No,Yes,No,No,No,No,Some Impact,High Impact,No Impact,Some Impact,Some Impact,No Impact,No Impact,Some Impact,High Impact,No Impact,No Impact,No Impact,No Impact,No Impact,Yes,Yes,No,Yes,No,Yes,No,No,No,No,Yes,Yes
21-24,Man,White/Caucasian,Computer Science,Yes,No,No,Yes,No,No,Yes,Yes,No,Yes,No,No,No,No,High Impact,High Impact,High Impact,Some Impact,High Impact,High Impact,High Impact,High Impact,,,,High Impact,,,High Impact,High Impact,No,No,Yes,No,No,No,No,No,No,No,No,No,No,No,No,No,,,,,,,,High Impact,,,,,,,Yes,Yes,No,Yes,No,Yes,No,No,Yes,Yes,No,Yes
19-20,Man,Multi-Racial,Electrical Engineering,No,No,Yes,Yes,Yes,No,Yes,Yes,No,No,No,No,No,No,High Impact,High Impact,Some Impact,No Impact,Some Impact,No Impact,No Impact,High Impact,Some Impact,No Impact,No Impact,No Impact,No Impact,No Impact,High Impact,No Impact,Yes,No,No,No,No,No,No,No,No,No,No,No,No,No,No,No,No Impact,No Impact,Some Impact,No Impact,No Impact,No Impact,No Impact,No Impact,No Impact,No Impact,No Impact,No Impact,No Impact,High Impact,,,,,,,,,,,,
18 and younger,Man,Multi-Racial,Computer Science,Yes,No,Yes,Yes,No,No,No,Yes,Yes,No,No,No,No,No,Some Impact,High Impact,Some Impact,No Impact,High Impact,High Impact,High Impact,High Impact,High Impact,No Impact,Some Impact,No Impact,No Impact,No Impact,High Impact,No Impact,Yes,No,No,Yes,No,No,No,No,No,Yes,No,Yes,No,No,No,No,Some Impact,Some Impact,Some Impact,,,,High Impact,,High Impact,High Impact,,,Some Impact,,Yes,Yes,No,Yes,Yes,Yes,No,No,Yes,Yes,Yes,Yes
18 and younger,Man,White/Caucasian,Computer Science,No,No,No,No,Yes,No,Yes,Yes,No,No,No,No,No,No,,Some Impact,Some Impact,Some Impact,No Impact,No Impact,Some Impact,,Some Impact,No Impact,No Impact,No Impact,No Impact,No Impact,High Impact,No Impact,No,No,No,No,No,No,No,No,No,No,No,No,No,No,No,No,No Impact,No Impact,Some Impact,No Impact,No Impact,No Impact,No Impact,Some Impact,Some Impact,No Impact,No Impact,No Impact,No Impact,No Impact,Yes,Yes,No,Yes,No,Yes,No,No,No,Yes,No,No
19-20,Man,White/Caucasian,Computer Science,No,No,No,Yes,No,No,No,No,No,No,No,No,No,No,High Impact,High Impact,No Impact,No Impact,No Impact,No Impact,No Impact,No Impact,No Impact,No Impact,No Impact,No Impact,High Impact,No Impact,Some Impact,No Impact,Yes,No,Not Sure,Not Sure,No,No,No,No,No,No,No,No,No,No,No,No,High Impact,No Impact,No Impact,No Impact,Some Impact,High Impact,No Impact,Some Impact,No Impact,No Impact,No Impact,No Impact,No Impact,No Impact,Yes,No,No,Yes,No,Yes,No,No,No,No,Yes,Yes
19-20,Man,Asian,Information Technology,Yes,Yes,Yes,Yes,Yes,Don't recall,Don't recall,Yes,Don't recall,Don't recall,Don't recall,No,No,No,Some Impact,Some Impact,Some Impact,Some Impact,,Some Impact,Some Impact,Some Impact,Some Impact,No Impact,Some Impact,,,Some Impact,High Impact,,No,No,Yes,No,No,No,No,No,No,No,No,No,No,No,No,No,Some Impact,Some Impact,Some Impact,No Impact,No Impact,No Impact,No Impact,Some Impact,Some Impact,No Impact,No Impact,Some Impact,No Impact,No Impact,Yes,Yes,No,Yes,No,No,No,No,Yes,Yes,Yes,Yes
25-34,Man,White/Caucasian,Non Degree seeking,No,No,No,No,No,No,No,No,No,No,No,No,No,Yes,Some Impact,Some Impact,High Impact,Some Impact,No Impact,Some Impact,Some Impact,No Impact,No Impact,No Impact,No Impact,No Impact,No Impact,No Impact,No Impact,No Impact,No,No,No,No,No,No,No,No,No,No,No,No,Yes,No,No,No,No Impact,No Impact,No Impact,No Impact,No Impact,No Impact,No Impact,No Impact,No Impact,No Impact,No Impact,No Impact,No Impact,No Impact,,,,,,,,,,,,
18 and younger,Man,White/Caucasian,Data Science,Don't recall,Don't recall,Don't recall,Don't recall,Don't recall,Don't recall,Don't recall,Yes,Don't recall,Don't recall,Don't recall,Don't recall,Don't recall,Don't recall,Some Impact,Some Impact,Some Impact,Some Impact,Some Impact,Some Impact,Some Impact,,,,,,,,Some Impact,,No,No,No,No,No,No,No,No,No,No,No,No,No,No,No,No,High Impact,,,,,,,,,,,,,,,,,,,,,,,,,
18 and younger,Man,Black/African American,Computer Science,Yes,No,No,No,No,No,No,No,No,No,No,No,No,No,No Impact,No Impact,No Impact,Some Impact,High Impact,High Impact,High Impact,High Impact,High Impact,High Impact,High Impact,High Impact,High Impact,High Impact,High Impact,High Impact,No,No,Yes,Yes,No,No,No,No,No,No,No,No,No,No,No,No,Some Impact,High Impact,High Impact,High Impact,High Impact,High Impact,High Impact,Some Impact,Some Impact,High Impact,High Impact,High Impact,High Impact,High Impact,Yes,Yes,No,No,No,No,No,No,Yes,No,No,No
21-24,Man,White/Caucasian,Business,No,No,No,No,No,No,No,No,No,No,No,No,No,Yes,High Impact,Some Impact,No Impact,No Impact,No Impact,No Impact,Some Impact,No Impact,No Impact,No Impact,No Impact,No Impact,No Impact,No Impact,High Impact,No Impact,Yes,No,No,No,No,No,No,No,No,No,No,No,No,No,No,No,Some Impact,No Impact,No Impact,No Impact,No Impact,No Impact,No Impact,No Impact,No Impact,No Impact,No Impact,No Impact,No Impact,High Impact,,,,,,,,,,,,
19-20,Man,Hispanic or Latino,Computer Science,Yes,No,No,Yes,No,Yes,No,No,No,No,No,No,No,No,High Impact,High Impact,High Impact,High Impact,No Impact,No Impact,No Impact,High Impact,High Impact,Some Impact,High Impact,No Impact,No Impact,No Impact,High Impact,No Impact,No,No,No,No,No,No,No,No,No,No,No,No,No,No,No,No,No Impact,No Impact,No Impact,No Impact,No Impact,No Impact,No Impact,No Impact,High Impact,No Impact,No Impact,No Impact,No Impact,No Impact,Yes,Yes,No,No,No,No,No,No,No,No,No,No
25-34,Woman,Hispanic or Latino,Computer Science,Yes,No,No,No,No,No,No,No,No,No,No,No,No,Yes,No Impact,No Impact,No Impact,No Impact,No Impact,No Impact,No Impact,Some Impact,Some Impact,No Impact,No Impact,No Impact,,,No Impact,,Not Sure,Not Sure,Not Sure,Not Sure,Not Sure,Not Sure,Not Sure,Not Sure,Not Sure,Not Sure,Not Sure,Not Sure,Yes,Not Sure,Not Sure,Not Sure,No Impact,No Impact,No Impact,No Impact,No Impact,No Impact,No Impact,High Impact,High Impact,No Impact,,,,,Yes,Yes,No,Yes,Yes,Yes,Yes,No,No,Yes,No,Yes
18 and younger,Man,Multi-Racial,Computer Science,No,No,No,Yes,No,No,No,Yes,No,No,No,No,No,No,High Impact,Some Impact,Some Impact,No Impact,No Impact,No Impact,Some Impact,High Impact,High Impact,No Impact,No Impact,No Impact,No Impact,No Impact,No Impact,No Impact,Yes,No,No,No,No,No,No,No,No,No,No,Yes,No,No,No,No,High Impact,No Impact,No Impact,No Impact,No Impact,No Impact,No Impact,No Impact,No Impact,No Impact,No Impact,No Impact,No Impact,High Impact,Yes,Yes,No,No,No,Yes,No,No,Yes,No,Yes,Yes
18 and younger,Man,American Indian/Native American/Alaska Native,High School,Don't recall,Don't recall,Don't recall,Don't recall,Don't recall,Don't recall,Yes,Yes,Don't recall,Don't recall,Don't recall,Don't recall,Don't recall,Don't recall,,,,,,,,,,,,,,,,High Impact,Not Sure,Not Sure,Not Sure,Not Sure,Not Sure,Not Sure,Not Sure,Not Sure,Not Sure,Not Sure,Not Sure,Not Sure,Not Sure,Not Sure,Not Sure,Not Sure,,,,,,,,Some Impact,,,,,,No Impact,,,,,,,,,,,,
19-20,Man,Multi-Racial,Computer Science,No,No,Yes,Yes,No,Yes,No,No,No,No,Yes,No,No,Don't recall,High Impact,High Impact,No Impact,No Impact,No Impact,No Impact,Some Impact,High Impact,No Impact,Some Impact,No Impact,No Impact,No Impact,No Impact,Some Impact,No Impact,Yes,No,No,No,No,No,No,No,No,No,No,No,No,No,Yes,No,No Impact,No Impact,No Impact,No Impact,No Impact,No Impact,No Impact,No Impact,No Impact,No Impact,No Impact,No Impact,High Impact,No Impact,Yes,Yes,No,No,No,No,No,No,No,No,No,Yes
19-20,Man,White/Caucasian,Mechanical Engineering,Yes,No,No,No,No,No,Yes,Yes,Yes,No,No,No,No,No,High Impact,High Impact,Some Impact,No Impact,No Impact,No Impact,No Impact,Some Impact,No Impact,No Impact,No Impact,No Impact,No Impact,No Impact,High Impact,No Impact,No,No,No,No,No,No,No,No,No,No,No,No,No,No,No,No,No Impact,No Impact,Some Impact,No Impact,No Impact,No Impact,No Impact,No Impact,No Impact,No Impact,No Impact,No Impact,No Impact,No Impact,,,,,,,,,,,,
19-20,Man,Choose not to reply,Information Technology,No,No,No,Yes,Yes,Yes,Yes,No,No,No,No,No,No,No,High Impact,No Impact,High Impact,No Impact,No Impact,No Impact,High Impact,Some Impact,No Impact,No Impact,No Impact,No Impact,No Impact,No Impact,High Impact,No Impact,Yes,No,No,No,No,No,No,No,No,No,No,Yes,No,No,No,No,Some Impact,No Impact,Some Impact,No Impact,No Impact,Some Impact,No Impact,High Impact,High Impact,No Impact,Some Impact,No Impact,No Impact,No Impact,Yes,Yes,No,Yes,No,Yes,No,No,No,Yes,Yes,Yes
18 and younger,Man,White/Caucasian,Computer Science,No,No,No,Yes,No,No,No,Yes,No,No,No,No,No,No,High Impact,Some Impact,No Impact,No Impact,Some Impact,No Impact,No Impact,No Impact,No Impact,No Impact,No Impact,No Impact,No Impact,No Impact,No Impact,No Impact,Yes,No,No,Yes,No,No,No,No,No,No,No,No,No,No,No,No,Some Impact,No Impact,No Impact,No Impact,No Impact,Some Impact,No Impact,No Impact,No Impact,No Impact,No Impact,No Impact,No Impact,High Impact,No,No,No,No,No,Yes,No,No,No,No,No,Yes
18 and younger,Woman,Hispanic or Latino,Computer Science,Yes,Yes,Yes,No,Yes,No,No,No,No,No,No,No,No,Yes,High Impact,High Impact,Some Impact,No Impact,No Impact,No Impact,No Impact,High Impact,High Impact,High Impact,No Impact,,,,High Impact,High Impact,No,No,No,No,No,No,No,No,No,Yes,Yes,No,No,No,No,No,High Impact,,,,,,High Impact,High Impact,,,,,,High Impact,Yes,Yes,No,Yes,No,Yes,No,No,No,No,Yes,Yes
18 and younger,Man,Multi-Racial,Mechanical Engineering,No,No,No,Yes,Yes,No,Yes,Yes,No,No,No,No,No,No,High Impact,High Impact,Some Impact,Some Impact,High Impact,Some Impact,High Impact,Some Impact,Some Impact,Some Impact,Some Impact,High Impact,,,High Impact,,No,No,No,No,No,No,No,No,No,No,No,Yes,No,No,No,No,Some Impact,,No Impact,No Impact,No Impact,No Impact,No Impact,High Impact,Some Impact,Some Impact,No Impact,High Impact,No Impact,No Impact,,,,,,,,,,,,
19-20,Man,White/Caucasian,Fire Science Technology,Yes,No,Yes,Yes,No,Yes,No,Yes,No,No,No,No,No,No,Some Impact,High Impact,Some Impact,No Impact,High Impact,No Impact,No Impact,High Impact,No Impact,Some Impact,No Impact,No Impact,No Impact,No Impact,No Impact,No Impact,No,No,No,No,No,No,No,No,No,Yes,No,Yes,No,No,No,No,No Impact,No Impact,No Impact,No Impact,No Impact,No Impact,No Impact,No Impact,No Impact,No Impact,No Impact,No Impact,No Impact,High Impact,,,,,,,,,,,,
19-20,Man,Choose not to reply,Information Technology,No,No,No,Yes,No,No,Yes,No,No,No,No,No,No,No,High Impact,High Impact,High Impact,High Impact,High Impact,Some Impact,No Impact,No Impact,No Impact,No Impact,No Impact,No Impact,No Impact,No Impact,Some Impact,No Impact,No,No,Yes,No,No,No,No,No,No,No,No,No,No,No,No,No,Some Impact,No Impact,No Impact,No Impact,No Impact,No Impact,No Impact,High Impact,High Impact,Some Impact,No Impact,No Impact,No Impact,No Impact,Yes,Yes,No,No,No,No,No,No,No,No,No,Yes
19-20,Man,Hispanic or Latino,Undecided,No,No,No,Yes,No,No,No,No,No,No,No,No,No,No,Some Impact,High Impact,High Impact,Some Impact,Some Impact,No Impact,Some Impact,No Impact,Some Impact,High Impact,Some Impact,High Impact,High Impact,No Impact,High Impact,No Impact,No,No,No,No,No,No,No,No,No,No,No,No,No,No,No,No,High Impact,No Impact,High Impact,No Impact,No Impact,No Impact,No Impact,Some Impact,No Impact,Some Impact,No Impact,No Impact,High Impact,No Impact,,,,,,,,,,,,
19-20,Man,White/Caucasian,Information Technology,Yes,Yes,Yes,Yes,No,No,Yes,Yes,No,No,No,No,No,No,High Impact,High Impact,Some Impact,Some Impact,Some Impact,Some Impact,Some Impact,Some Impact,Some Impact,Some Impact,No Impact,No Impact,No Impact,No Impact,High Impact,No Impact,Yes,No,Yes,No,No,No,Yes,No,No,Yes,No,Yes,No,No,No,No,No Impact,No Impact,No Impact,No Impact,No Impact,No Impact,No Impact,Some Impact,Some Impact,No Impact,No Impact,No Impact,No Impact,High Impact,Yes,Yes,No,Yes,Yes,No,No,No,No,No,No,No
18 and younger,Man,Hispanic or Latino,Information Security Certificate of Achievement,No,No,No,No,No,No,No,Yes,No,No,No,No,No,No,High Impact,High Impact,High Impact,No Impact,No Impact,No Impact,Some Impact,High Impact,No Impact,No Impact,No Impact,No Impact,No Impact,No Impact,No Impact,No Impact,No,No,No,No,No,No,No,No,No,No,No,No,No,No,No,No,High Impact,High Impact,No Impact,No Impact,No Impact,No Impact,No Impact,High Impact,High Impact,No Impact,No Impact,No Impact,No Impact,High Impact,Yes,No,No,No,No,No,No,No,No,No,Yes,No
18 and younger,Man,White/Caucasian,Information Security Certificate of Achievement,No,No,No,Yes,Yes,No,Yes,Yes,No,No,No,No,No,No,High Impact,High Impact,High Impact,High Impact,Some Impact,Some Impact,High Impact,Some Impact,No Impact,Some Impact,Some Impact,High Impact,No Impact,No Impact,High Impact,No Impact,Yes,No,No,No,No,Yes,No,No,Yes,No,No,Yes,No,No,No,No,No Impact,No Impact,No Impact,No Impact,No Impact,No Impact,No Impact,Some Impact,Some Impact,Some Impact,No Impact,High Impact,No Impact,Some Impact,Yes,Yes,No,Yes,No,No,No,No,No,No,Yes,Yes
19-20,Woman,Multi-Racial,Information Technology,Yes,Yes,No,Yes,Yes,Yes,No,Yes,No,No,No,No,No,No,High Impact,No Impact,High Impact,Some Impact,High Impact,Some Impact,High Impact,No Impact,High Impact,High Impact,No Impact,No Impact,No Impact,No Impact,High Impact,No Impact,Yes,No,Yes,Yes,No,Yes,No,No,No,No,No,No,No,No,No,No,High Impact,Some Impact,No Impact,No Impact,No Impact,No Impact,No Impact,No Impact,Some Impact,High Impact,No Impact,No Impact,No Impact,No Impact,Yes,Yes,No,No,No,No,No,No,No,Yes,Yes,No
35-64,Man,Black/African American,Information Technology,Yes,No,No,Yes,Yes,No,No,No,No,No,No,No,No,Yes,Some Impact,High Impact,High Impact,Some Impact,Some Impact,Some Impact,Some Impact,Some Impact,Some Impact,High Impact,Some Impact,High Impact,No Impact,No Impact,Some Impact,No Impact,No,No,No,No,No,No,No,No,No,No,No,No,No,No,No,No,No Impact,No Impact,High Impact,Some Impact,No Impact,Some Impact,No Impact,High Impact,No Impact,No Impact,No Impact,No Impact,No Impact,No Impact,Yes,Yes,No,Yes,Yes,Yes,Yes,Yes,Yes,Yes,Yes,Yes
19-20,Man,Black/African American,Information Security Certificate of Achievement,Yes,Yes,No,Yes,No,No,No,No,No,No,No,No,No,No,Some Impact,Some Impact,Some Impact,No Impact,Some Impact,No Impact,No Impact,Some Impact,Some Impact,No Impact,No Impact,No Impact,No Impact,No Impact,No Impact,No Impact,Yes,No,No,No,No,No,No,No,No,No,No,No,No,No,No,No,No Impact,No Impact,No Impact,No Impact,No Impact,No Impact,No Impact,No Impact,No Impact,No Impact,No Impact,No Impact,No Impact,No Impact,Yes,No,No,Yes,No,Yes,No,No,No,No,Yes,Yes
19-20,Man,White/Caucasian,Business,No,Don't recall,Don't recall,Yes,No,No,No,Yes,Don't recall,No,No,No,No,No,No Impact,High Impact,High Impact,No Impact,Some Impact,No Impact,Some Impact,No Impact,No Impact,Some Impact,Some Impact,,,,High Impact,Some Impact,No,No,No,No,No,No,No,No,No,No,No,No,No,No,No,No,No Impact,No Impact,No Impact,No Impact,No Impact,No Impact,No Impact,No Impact,No Impact,No Impact,No Impact,No Impact,No Impact,Some Impact,,,,,,,,,,,,
21-24,Man,Choose not to reply,Information Technology,No,No,No,Yes,No,No,No,No,No,No,No,No,No,No,High Impact,High Impact,No Impact,No Impact,High Impact,No Impact,No Impact,High Impact,,Some Impact,No Impact,No Impact,No Impact,,High Impact,,Not Sure,No,Not Sure,No,No,No,No,No,No,No,No,Not Sure,No,No,No,No,No Impact,No Impact,No Impact,No Impact,No Impact,No Impact,No Impact,Some Impact,High Impact,No Impact,No Impact,No Impact,No Impact,No Impact,Yes,Yes,No,No,No,No,No,No,No,No,Yes,Yes
19-20,Man,Multi-Racial,Information Technology,No,No,Yes,Yes,No,Yes,Yes,Yes,No,No,No,No,No,No,High Impact,High Impact,Some Impact,No Impact,Some Impact,No Impact,Some Impact,High Impact,No Impact,No Impact,No Impact,No Impact,No Impact,No Impact,High Impact,No Impact,No,No,No,No,No,No,No,No,No,Yes,Yes,No,No,No,No,No,Some Impact,No Impact,High Impact,No Impact,No Impact,No Impact,No Impact,High Impact,High Impact,Some Impact,No Impact,No Impact,No Impact,High Impact,Yes,No,No,No,No,No,No,No,No,Yes,Yes,Yes
35-64,Man,Hispanic or Latino,Information Technology,No,Yes,No,Yes,No,Yes,No,No,No,No,Yes,Yes,No,No,High Impact,High Impact,High Impact,High Impact,High Impact,,High Impact,,,Some Impact,,High Impact,,,High Impact,,Yes,No,No,No,No,No,No,No,Yes,No,No,Yes,No,No,No,No,,,,,,,,High Impact,High Impact,,,,High Impact,,No,Yes,No,No,No,No,No,No,Yes,Yes,No,Yes
21-24,Man,White/Caucasian,Computer Science,No,No,No,Yes,Yes,No,No,No,No,Yes,No,No,No,No,High Impact,High Impact,Some Impact,No Impact,High Impact,No Impact,No Impact,No Impact,No Impact,Some Impact,No Impact,High Impact,Some Impact,No Impact,Some Impact,No Impact,No,No,No,No,No,No,No,No,No,No,No,Yes,No,No,No,No,Some Impact,,,,,High Impact,,Some Impact,Some Impact,No Impact,No Impact,No Impact,No Impact,,Yes,Yes,No,No,Yes,Yes,No,No,Yes,Yes,No,Yes
21-24,Woman,Hispanic or Latino,Information Technology,Yes,Yes,No,Yes,No,No,No,No,Yes,No,Yes,Yes,No,No,High Impact,High Impact,High Impact,High Impact,Some Impact,High Impact,High Impact,High Impact,High Impact,High Impact,Some Impact,High Impact,High Impact,Some Impact,High Impact,Some Impact,No,No,No,No,No,No,No,No,No,No,No,No,No,No,No,No,No Impact,No Impact,High Impact,No Impact,No Impact,No Impact,No Impact,High Impact,High Impact,High Impact,No Impact,No Impact,No Impact,No Impact,Yes,Yes,No,Yes,No,Yes,No,No,No,Yes,Yes,Yes
25-34,Woman,Black/African American,Data Analytics Certificate of Achievement,Yes,No,No,Yes,No,No,No,No,No,No,No,No,No,No,Some Impact,Some Impact,High Impact,High Impact,High Impact,No Impact,High Impact,No Impact,No Impact,No Impact,No Impact,No Impact,No Impact,No Impact,No Impact,No Impact,Yes,Yes,Yes,Yes,Yes,Yes,Yes,Yes,Yes,Yes,Yes,Yes,Yes,Yes,Yes,Yes,No Impact,No Impact,No Impact,No Impact,No Impact,No Impact,No Impact,No Impact,No Impact,No Impact,No Impact,No Impact,No Impact,No Impact,Yes,No,No,Yes,Yes,Yes,Yes,No,Yes,Yes,Yes,Yes
25-34,Man,White/Caucasian,Computer Science,Yes,Yes,No,Yes,Yes,Yes,Yes,Yes,No,No,Yes,No,No,No,High Impact,High Impact,High Impact,High Impact,No Impact,No Impact,High Impact,High Impact,High Impact,High Impact,Some Impact,High Impact,Some Impact,No Impact,High Impact,No Impact,No,No,No,No,No,No,No,No,No,No,No,Yes,No,No,No,No,Some Impact,Some Impact,Some Impact,Some Impact,No Impact,No Impact,No Impact,Some Impact,Some Impact,Some Impact,Some Impact,Some Impact,Some Impact,No Impact,Yes,Yes,No,Yes,Yes,Yes,Yes,Yes,Yes,Yes,Yes,Yes
19-20,Man,Asian,Information Technology,Yes,Yes,Yes,Yes,Yes,Yes,Yes,Yes,No,No,No,No,No,No,High Impact,High Impact,High Impact,High Impact,High Impact,Some Impact,High Impact,,,,,,,,High Impact,No Impact,No,No,No,No,No,No,No,No,No,No,No,No,No,No,No,No,Some Impact,,,,,High Impact,,High Impact,High Impact,High Impact,High Impact,High Impact,,,Yes,Yes,Yes,Yes,No,Yes,No,No,Yes,Yes,Yes,Yes
21-24,Woman,White/Caucasian,Computer Science,No,No,No,Yes,No,No,Yes,Yes,No,No,No,No,No,No,High Impact,High Impact,Some Impact,High Impact,Some Impact,No Impact,Some Impact,Some Impact,Some Impact,No Impact,Some Impact,High Impact,High Impact,No Impact,High Impact,No Impact,Yes,Not Sure,Yes,Not Sure,Not Sure,Not Sure,Not Sure,Not Sure,Not Sure,Not Sure,Not Sure,Yes,Not Sure,Not Sure,Not Sure,Not Sure,Some Impact,No Impact,No Impact,No Impact,No Impact,No Impact,No Impact,Some Impact,Some Impact,No Impact,No Impact,No Impact,Some Impact,No Impact,Yes,Yes,No,Yes,Yes,Yes,No,Yes,No,No,Yes,No
18 and younger,Woman,Asian,Computer Science,Yes,No,Yes,Yes,No,No,Yes,Yes,Don't recall,Don't recall,Don't recall,Don't recall,Don't recall,Don't recall,High Impact,High Impact,High Impact,,High Impact,,High Impact,,,Some Impact,High Impact,,,,High Impact,,Yes,No,Yes,Not Sure,Not Sure,Not Sure,Not Sure,Not Sure,Not Sure,Yes,Not Sure,Yes,Not Sure,Not Sure,Not Sure,Not Sure,,,,,,High Impact,,High Impact,High Impact,No Impact,No Impact,Some Impact,,,Yes,Yes,No,No,No,No,No,No,No,No,Yes,Yes
18 and younger,Man,White/Caucasian,Challenger Program,Yes,No,No,Yes,Yes,No,Yes,Yes,No,No,No,No,No,No,Some Impact,Some Impact,Some Impact,No Impact,High Impact,No Impact,High Impact,Some Impact,Some Impact,No Impact,No Impact,Some Impact,No Impact,No Impact,High Impact,High Impact,No,No,No,No,No,No,No,Yes,No,Yes,No,No,No,No,No,No,No Impact,No Impact,No Impact,No Impact,No Impact,No Impact,No Impact,Some Impact,Some Impact,No Impact,No Impact,No Impact,No Impact,No Impact,Yes,Yes,No,Yes,No,No,No,No,No,No,No,Yes
19-20,Woman,Asian,Chemistry,Yes,Yes,Yes,Yes,Yes,Yes,Yes,No,No,No,Yes,No,No,No,High Impact,High Impact,Some Impact,Some Impact,High Impact,Some Impact,Some Impact,High Impact,High Impact,High Impact,Some Impact,No Impact,No Impact,No Impact,High Impact,No Impact,No,No,No,No,No,No,No,No,No,No,No,No,No,No,No,No,High Impact,No Impact,No Impact,No Impact,No Impact,No Impact,No Impact,Some Impact,Some Impact,No Impact,No Impact,No Impact,No Impact,No Impact,,,,,,,,,,,,
18 and younger,Woman,Hispanic or Latino,Graphic Design,No,No,No,Yes,No,No,Yes,Yes,No,No,No,No,No,No,High Impact,High Impact,Some Impact,No Impact,Some Impact,No Impact,No Impact,Some Impact,Some Impact,High Impact,Some Impact,High Impact,,No Impact,High Impact,,Yes,No,No,No,No,No,No,No,No,Yes,No,No,No,No,Yes,No,High Impact,,Some Impact,,,,,,,,,,,,,,,,,,,,,,,
21-24,Man,White/Caucasian,Digital Media Technology,Don't recall,Don't recall,Don't recall,Don't recall,Don't recall,Don't recall,Don't recall,Don't recall,Don't recall,Don't recall,Don't recall,Don't recall,Don't recall,Yes,Some Impact,Some Impact,High Impact,,,,,,,Some Impact,,High Impact,Some Impact,,Some Impact,,No,No,Yes,No,No,No,No,No,Yes,No,No,No,No,No,Yes,No,Some Impact,Some Impact,No Impact,Some Impact,No Impact,Some Impact,No Impact,Some Impact,Some Impact,No Impact,No Impact,No Impact,Some Impact,Some Impact,Yes,Yes,No,Yes,No,No,No,No,No,No,No,Yes
35-64,Man,White/Caucasian,Business,Yes,No,No,Yes,No,No,No,No,No,No,No,No,No,No,Some Impact,Some Impact,Some Impact,Some Impact,Some Impact,Some Impact,Some Impact,Some Impact,Some Impact,Some Impact,Some Impact,Some Impact,Some Impact,Some Impact,Some Impact,Some Impact,No,No,No,No,No,No,No,No,No,No,No,No,No,No,No,No,No Impact,No Impact,No Impact,No Impact,No Impact,No Impact,No Impact,No Impact,No Impact,No Impact,No Impact,No Impact,No Impact,Some Impact,,,,,,,,,,,,
21-24,Man,White/Caucasian,Business ,No,No,No,Yes,No,Yes,No,No,No,No,No,No,No,No,Some Impact,No Impact,Some Impact,No Impact,High Impact,No Impact,No Impact,No Impact,No Impact,No Impact,No Impact,No Impact,No Impact,No Impact,High Impact,No Impact,No,No,No,No,No,No,No,No,No,No,No,No,No,No,No,No,No Impact,No Impact,No Impact,No Impact,No Impact,No Impact,No Impact,No Impact,No Impact,No Impact,No Impact,No Impact,No Impact,No Impact,,,,,,,,,,,,
21-24,Woman,Hispanic or Latino,Business,No,No,No,Yes,Yes,No,No,No,No,No,No,No,No,No,Some Impact,High Impact,No Impact,Some Impact,Some Impact,Some Impact,Some Impact,No Impact,No Impact,High Impact,Some Impact,,,,,,No,No,No,No,No,No,No,No,No,No,No,No,No,No,No,No,,,,,,,,,,,,No Impact,,,,,,,,,,,,,,
21-24,Prefer not to say,American Indian/Native American/Alaska Native,graphic arts,No,No,No,No,Yes,Yes,No,No,No,No,No,No,No,No,High Impact,High Impact,High Impact,No Impact,High Impact,Some Impact,Some Impact,Some Impact,No Impact,Some Impact,Some Impact,Some Impact,High Impact,Some Impact,High Impact,No Impact,Yes,Yes,Not Sure,Not Sure,Not Sure,Not Sure,Not Sure,Not Sure,Not Sure,Not Sure,Not Sure,Not Sure,Not Sure,Not Sure,Not Sure,Not Sure,Some Impact,Some Impact,Some Impact,Some Impact,Some Impact,Some Impact,Some Impact,Some Impact,Some Impact,Some Impact,Some Impact,Some Impact,Some Impact,No Impact,,,,,,,,,,,,
21-24,Man,White/Caucasian,Digital Media Technology,No,No,No,Yes,No,No,No,No,No,No,No,No,No,No,Some Impact,Some Impact,Some Impact,No Impact,High Impact,No Impact,Some Impact,Some Impact,Some Impact,No Impact,No Impact,,,,Some Impact,No Impact,No,No,No,No,No,No,No,No,No,No,No,No,No,No,No,No,No Impact,,Some Impact,No Impact,,,,Some Impact,No Impact,No Impact,No Impact,No Impact,High Impact,High Impact,Yes,No,No,Yes,Yes,Yes,No,No,Yes,No,Yes,Yes
19-20,Man,Hispanic or Latino,Undecided,Yes,Don't recall,Don't recall,Yes,Yes,Don't recall,Yes,Yes,Don't recall,Don't recall,Don't recall,Don't recall,Don't recall,Don't recall,High Impact,High Impact,High Impact,High Impact,,,High Impact,High Impact,High Impact,,High Impact,High Impact,,,,,Yes,Not Sure,Not Sure,Not Sure,Not Sure,Not Sure,Not Sure,Not Sure,Not Sure,Not Sure,Not Sure,Yes,Not Sure,Not Sure,Not Sure,Not Sure,,,,,,,,High Impact,,,,High Impact,High Impact,,,,,,,,,,,,,
18 and younger,Man,Asian,Information Technology,No,No,Yes,Yes,Yes,No,No,Yes,No,No,No,No,No,No,Some Impact,No Impact,High Impact,Some Impact,High Impact,Some Impact,High Impact,No Impact,High Impact,No Impact,Some Impact,High Impact,,,High Impact,High Impact,Yes,Not Sure,Not Sure,Not Sure,Not Sure,Yes,Yes,Not Sure,No,Yes,Yes,No,No,No,No,No,High Impact,High Impact,High Impact,High Impact,High Impact,,,High Impact,High Impact,,,High Impact,,,Yes,Yes,No,Yes,No,Yes,Yes,No,Yes,Yes,No,Yes
18 and younger,Man,White/Caucasian,Undecided,No,No,No,No,No,No,No,Yes,No,No,No,No,No,No,No Impact,No Impact,High Impact,No Impact,Some Impact,No Impact,No Impact,No Impact,Some Impact,Some Impact,Some Impact,No Impact,No Impact,No Impact,High Impact,High Impact,Yes,No,No,No,No,No,No,No,No,No,No,No,No,No,No,No,Some Impact,No Impact,No Impact,No Impact,No Impact,No Impact,No Impact,High Impact,No Impact,Some Impact,No Impact,No Impact,No Impact,No Impact,,,,,,,,,,,,
18 and younger,Man,Asian,Cybersecurity,No,No,No,Yes,No,No,No,No,No,No,No,No,No,No,Some Impact,No Impact,High Impact,,High Impact,,,,High Impact,,,High Impact,,,High Impact,High Impact,No,No,No,No,No,No,No,No,No,No,No,Yes,No,No,No,No,Some Impact,Some Impact,Some Impact,Some Impact,Some Impact,Some Impact,Some Impact,High Impact,High Impact,Some Impact,,,,,,,,,,,,,,,,
18 and younger,Man,American Indian/Native American/Alaska Native,Information Security Certificate of Achievement,No,No,Don't recall,Yes,No,No,No,Yes,No,No,No,No,No,No,Some Impact,No Impact,Some Impact,Some Impact,No Impact,No Impact,High Impact,Some Impact,Some Impact,No Impact,Some Impact,High Impact,No Impact,No Impact,No Impact,High Impact,No,No,No,No,No,No,No,No,No,No,No,No,No,No,No,No,Some Impact,No Impact,Some Impact,No Impact,No Impact,High Impact,No Impact,Some Impact,Some Impact,No Impact,No Impact,No Impact,No Impact,No Impact,Yes,Yes,Yes,Yes,Yes,Yes,No,No,Yes,Yes,Yes,No
18 and younger,Woman,Hispanic or Latino,Information Technology,Don't recall,Don't recall,Yes,Don't recall,Don't recall,Don't recall,Don't recall,Yes,Don't recall,Don't recall,Don't recall,Don't recall,Don't recall,Don't recall,No Impact,No Impact,High Impact,No Impact,No Impact,No Impact,No Impact,No Impact,High Impact,High Impact,No Impact,No Impact,No Impact,No Impact,High Impact,High Impact,No,No,No,No,No,Yes,Yes,No,Yes,Yes,No,No,No,No,No,No,No Impact,No Impact,High Impact,No Impact,No Impact,No Impact,High Impact,No Impact,No Impact,No Impact,No Impact,No Impact,No Impact,No Impact,Yes,Yes,No,No,No,No,No,No,No,Yes,No,No
18 and younger,Woman,Hispanic or Latino,Information Technology,No,No,No,Yes,No,No,No,No,No,No,No,No,No,No,Some Impact,Some Impact,High Impact,No Impact,High Impact,No Impact,No Impact,No Impact,High Impact,Some Impact,High Impact,No Impact,No Impact,No Impact,High Impact,High Impact,No,No,No,No,No,No,No,No,No,No,Yes,No,No,No,No,No,No Impact,No Impact,No Impact,No Impact,No Impact,No Impact,No Impact,High Impact,No Impact,No Impact,No Impact,No Impact,No Impact,No Impact,Yes,Yes,Yes,Yes,No,Yes,No,No,Yes,No,Yes,Yes
18 and younger,Man,White/Caucasian,Information Technology,Don't recall,No,No,Yes,Yes,No,No,No,No,No,No,No,No,No,No Impact,Some Impact,Some Impact,No Impact,Some Impact,Some Impact,No Impact,No Impact,No Impact,No Impact,No Impact,No Impact,No Impact,No Impact,High Impact,High Impact,No,No,No,No,No,No,No,No,No,No,No,Yes,No,No,No,No,No Impact,No Impact,Some Impact,No Impact,No Impact,No Impact,No Impact,Some Impact,No Impact,Some Impact,No Impact,Some Impact,Some Impact,No Impact,Yes,Yes,Yes,Yes,Yes,Yes,No,No,Yes,Yes,Yes,Yes
18 and younger,Man,Multi-Racial,Information Security Certificate of Achievement,No,No,No,No,No,No,No,Yes,No,No,No,No,No,No,No Impact,No Impact,High Impact,No Impact,No Impact,No Impact,Some Impact,No Impact,No Impact,No Impact,Some Impact,No Impact,No Impact,No Impact,No Impact,No Impact,No,No,No,No,No,No,No,No,No,No,No,No,No,No,No,Yes,Some Impact,No Impact,No Impact,No Impact,No Impact,No Impact,No Impact,No Impact,Some Impact,Some Impact,No Impact,No Impact,Some Impact,No Impact,Yes,No,No,Yes,No,Yes,No,No,No,No,No,No
18 and younger,Man,Asian,Information Security Certificate of Achievement,No,No,No,No,No,No,No,Yes,No,No,No,No,No,No,High Impact,No Impact,High Impact,No Impact,No Impact,No Impact,No Impact,High Impact,High Impact,No Impact,Some Impact,No Impact,No Impact,No Impact,High Impact,High Impact,Yes,No,No,No,No,No,Yes,No,No,Yes,No,No,No,No,No,Yes,No Impact,No Impact,No Impact,No Impact,No Impact,No Impact,No Impact,No Impact,No Impact,No Impact,No Impact,No Impact,No Impact,No Impact,Yes,Yes,Yes,Yes,No,No,No,No,Yes,Yes,Yes,No
18 and younger,Woman,Black/African American,Information Technology,No,No,No,Yes,No,Yes,No,No,No,No,No,No,No,No,High Impact,Some Impact,High Impact,Some Impact,Some Impact,No Impact,High Impact,High Impact,High Impact,No Impact,High Impact,High Impact,No Impact,No Impact,High Impact,High Impact,No,No,No,No,No,No,Yes,No,No,No,No,No,No,No,No,No,Some Impact,Some Impact,No Impact,No Impact,No Impact,No Impact,No Impact,No Impact,No Impact,No Impact,No Impact,Some Impact,No Impact,No Impact,Yes,Yes,Yes,Yes,No,Yes,No,No,No,Yes,Yes,Yes
18 and younger,Man,Multi-Racial,Information Security Certificate of Achievement,No,No,No,Yes,No,No,Yes,Yes,No,No,No,No,No,No,No Impact,No Impact,Some Impact,No Impact,Some Impact,No Impact,No Impact,No Impact,Some Impact,No Impact,No Impact,Some Impact,No Impact,No Impact,No Impact,Some Impact,No,No,No,No,No,No,No,No,No,No,No,No,No,No,No,No,Some Impact,No Impact,Some Impact,No Impact,No Impact,Some Impact,Some Impact,No Impact,High Impact,No Impact,No Impact,No Impact,No Impact,No Impact,Yes,Yes,Yes,Yes,Yes,Yes,No,No,Yes,Yes,No,No
18 and younger,Man,Hispanic or Latino,Computer Science,No,No,No,Yes,Yes,No,Yes,Yes,No,No,No,No,No,No,High Impact,High Impact,High Impact,Some Impact,High Impact,No Impact,High Impact,High Impact,Some Impact,No Impact,High Impact,High Impact,Some Impact,No Impact,High Impact,High Impact,Not Sure,Not Sure,Not Sure,Not Sure,Not Sure,Not Sure,Not Sure,Not Sure,Not Sure,Not Sure,Not Sure,Not Sure,Not Sure,Not Sure,Not Sure,Not Sure,Some Impact,Some Impact,Some Impact,No Impact,No Impact,No Impact,No Impact,High Impact,Some Impact,High Impact,No Impact,No Impact,No Impact,No Impact,Yes,No,Yes,No,No,No,No,No,No,No,Yes,No
65+,Man,Multi-Racial,Information Security Certificate of Achievement,Yes,No,Don't recall,No,Yes,No,Don't recall,No,Yes,No,Don't recall,No,Yes,No,High Impact,,High Impact,Some Impact,No Impact,Some Impact,High Impact,,High Impact,Some Impact,No Impact,Some Impact,High Impact,,High Impact,Some Impact,Yes,No,Not Sure,No,Yes,No,Not Sure,No,Yes,No,Not Sure,No,Yes,No,Not Sure,No,No Impact,Some Impact,High Impact,,High Impact,Some Impact,No Impact,Some Impact,High Impact,,High Impact,Some Impact,No Impact,Some Impact,Yes,Yes,Yes,Yes,Yes,No,No,No,No,No,No,No
18 and younger,Woman,Asian,Information Technology,No,No,No,Yes,No,No,No,No,No,No,No,No,No,No,Some Impact,No Impact,Some Impact,No Impact,Some Impact,No Impact,No Impact,No Impact,Some Impact,Some Impact,No Impact,Some Impact,No Impact,No Impact,Some Impact,Some Impact,No,No,Yes,No,No,No,Yes,No,No,No,No,No,No,No,No,No,Some Impact,Some Impact,No Impact,No Impact,No Impact,No Impact,No Impact,Some Impact,Some Impact,No Impact,No Impact,No Impact,No Impact,No Impact,Yes,Yes,Yes,Yes,No,Yes,No,No,Yes,Yes,No,Yes
19-20,Man,White/Caucasian,Data Analytics Certificate of Achievement,Yes,Don't recall,Don't recall,Yes,No,No,Yes,Yes,No,No,No,No,No,No,High Impact,High Impact,Some Impact,Some Impact,Some Impact,No Impact,Some Impact,No Impact,No Impact,Some Impact,No Impact,High Impact,Some Impact,No Impact,Some Impact,High Impact,No,No,No,No,No,No,No,No,No,No,No,No,No,No,No,No,No Impact,No Impact,No Impact,No Impact,No Impact,No Impact,No Impact,Some Impact,Some Impact,Some Impact,No Impact,Some Impact,No Impact,No Impact,Yes,Yes,No,Yes,Yes,No,No,No,No,No,No,No
19-20,Man,Hispanic or Latino,Computer Science,No,No,No,Yes,Yes,No,Yes,Yes,No,No,No,No,No,No,High Impact,High Impact,Some Impact,Some Impact,High Impact,,High Impact,Some Impact,Some Impact,No Impact,No Impact,,,,High Impact,High Impact,No,No,Yes,Yes,No,No,No,No,No,Yes,No,Yes,No,No,No,No,Some Impact,No Impact,No Impact,No Impact,No Impact,High Impact,No Impact,No Impact,No Impact,No Impact,No Impact,No Impact,No Impact,High Impact,Yes,Yes,No,No,No,Yes,No,No,Yes,Yes,No,Yes
21-24,Man,White/Caucasian,Business Administration ,Yes,No,Yes,Yes,Yes,Yes,Yes,Yes,Yes,Yes,No,No,No,Yes,High Impact,High Impact,Some Impact,Some Impact,Some Impact,Some Impact,High Impact,No Impact,No Impact,No Impact,No Impact,No Impact,No Impact,No Impact,High Impact,No Impact,No,No,No,No,No,No,No,No,No,Yes,No,No,No,No,No,No,No Impact,No Impact,No Impact,No Impact,No Impact,No Impact,No Impact,Some Impact,No Impact,No Impact,No Impact,High Impact,No Impact,No Impact,,,,,,,,,,,,
25-34,Man,Multi-Racial,Computer Science,Yes,No,No,Yes,No,No,Yes,Yes,No,No,No,No,No,No,No Impact,No Impact,High Impact,High Impact,No Impact,No Impact,High Impact,No Impact,No Impact,High Impact,No Impact,No Impact,No Impact,No Impact,High Impact,No Impact,No,Yes,Yes,Yes,No,No,Yes,No,Yes,Yes,No,No,No,No,No,No,High Impact,No Impact,High Impact,No Impact,No Impact,No Impact,No Impact,Some Impact,Some Impact,High Impact,No Impact,No Impact,No Impact,No Impact,Yes,Yes,No,Yes,Yes,Yes,No,Yes,No,Yes,Yes,Yes
25-34,Man,Hispanic or Latino,Information Technology,Yes,No,No,Yes,Yes,No,No,No,No,No,No,No,No,No,No Impact,Some Impact,High Impact,High Impact,High Impact,No Impact,Some Impact,No Impact,No Impact,No Impact,No Impact,High Impact,No Impact,No Impact,High Impact,No Impact,No,No,No,No,Not Sure,No,No,No,No,No,No,No,No,No,No,No,No Impact,No Impact,No Impact,No Impact,No Impact,No Impact,No Impact,No Impact,No Impact,No Impact,Some Impact,No Impact,High Impact,No Impact,Yes,Yes,No,Yes,Yes,Yes,No,No,No,Yes,No,Yes
19-20,Man,White/Caucasian,Data Science,Yes,Yes,Yes,Yes,Yes,Yes,Yes,Yes,Don't recall,Don't recall,Don't recall,Don't recall,Don't recall,Don't recall,High Impact,High Impact,High Impact,High Impact,No Impact,Some Impact,High Impact,No Impact,No Impact,Some Impact,Some Impact,,High Impact,No Impact,Some Impact,No Impact,Yes,Not Sure,Not Sure,Not Sure,Not Sure,Not Sure,Not Sure,Not Sure,Not Sure,Yes,Not Sure,Not Sure,Not Sure,Not Sure,Not Sure,Not Sure,No Impact,No Impact,Some Impact,High Impact,No Impact,High Impact,No Impact,No Impact,No Impact,No Impact,No Impact,No Impact,No Impact,No Impact,,,,,,,,,,,,
35-64,Woman,Black/African American,Data Analytics Certificate of Achievement,Yes,Don't recall,Don't recall,Don't recall,Don't recall,Don't recall,Don't recall,Don't recall,Don't recall,Don't recall,Don't recall,Don't recall,Don't recall,Don't recall,High Impact,High Impact,High Impact,High Impact,,,,High Impact,High Impact,,,,,,High Impact,,Not Sure,Not Sure,Not Sure,Not Sure,Not Sure,Not Sure,Not Sure,Not Sure,Not Sure,Not Sure,Not Sure,Not Sure,Not Sure,Not Sure,Not Sure,Not Sure,,,,,,,,,,,,,High Impact,High Impact,Yes,No,No,Yes,Yes,Yes,Yes,Yes,Yes,No,Yes,Yes
19-20,Man,Hispanic or Latino,Computer Science,Don't recall,Don't recall,Don't recall,Don't recall,Yes,Don't recall,Yes,Yes,Don't recall,Don't recall,Don't recall,Don't recall,Don't recall,Don't recall,High Impact,High Impact,High Impact,High Impact,High Impact,High Impact,Some Impact,High Impact,High Impact,Some Impact,Some Impact,Some Impact,Some Impact,No Impact,Some Impact,Some Impact,No,No,No,No,No,No,No,No,No,No,No,No,No,No,No,No,No Impact,No Impact,No Impact,No Impact,No Impact,No Impact,No Impact,High Impact,High Impact,No Impact,No Impact,High Impact,No Impact,No Impact,Yes,Yes,No,No,Yes,Yes,Yes,Yes,Yes,Yes,No,No
18 and younger,Man,Hispanic or Latino,Data Science,Yes,Yes,Yes,Yes,Yes,No,No,No,No,No,Yes,No,No,Don't recall,High Impact,High Impact,Some Impact,No Impact,Some Impact,Some Impact,No Impact,High Impact,Some Impact,High Impact,Some Impact,,,,High Impact,,No,No,No,No,No,No,No,No,No,No,No,No,No,No,No,No,Some Impact,No Impact,No Impact,No Impact,No Impact,No Impact,No Impact,Some Impact,No Impact,No Impact,Some Impact,No Impact,Some Impact,,,,,,,,,,,,,
35-64,Man,White/Caucasian,Computer Science,Yes,No,No,Yes,No,Yes,No,Yes,No,No,No,No,No,No,High Impact,High Impact,High Impact,High Impact,Some Impact,No Impact,High Impact,High Impact,,Some Impact,Some Impact,,High Impact,,High Impact,,No,No,No,Yes,No,No,No,No,No,No,No,No,No,No,No,No,No Impact,No Impact,No Impact,No Impact,No Impact,No Impact,No Impact,No Impact,No Impact,No Impact,No Impact,No Impact,Some Impact,High Impact,Yes,Yes,No,Yes,Yes,Yes,No,No,Yes,No,Yes,Yes
18 and younger,Man,White/Caucasian,Computer Science,No,No,Yes,Yes,Yes,No,Yes,Yes,No,No,No,No,No,No,High Impact,High Impact,Some Impact,Some Impact,No Impact,No Impact,Some Impact,Some Impact,No Impact,Some Impact,No Impact,No Impact,No Impact,No Impact,High Impact,No Impact,No,No,No,No,No,No,No,No,No,No,No,No,No,No,No,No,No Impact,No Impact,No Impact,No Impact,No Impact,No Impact,No Impact,No Impact,No Impact,No Impact,No Impact,No Impact,No Impact,High Impact,Yes,Yes,No,No,No,No,No,No,No,No,No,No
19-20,Man,White/Caucasian,Computer Science,No,No,Yes,Yes,No,Yes,No,No,No,No,No,No,No,No,Some Impact,Some Impact,High Impact,High Impact,Some Impact,No Impact,Some Impact,No Impact,Some Impact,No Impact,Some Impact,High Impact,High Impact,No Impact,Some Impact,No Impact,No,No,No,No,No,No,No,No,No,No,No,No,No,No,No,No,No Impact,No Impact,No Impact,No Impact,No Impact,No Impact,No Impact,Some Impact,Some Impact,No Impact,No Impact,No Impact,No Impact,No Impact,Yes,Yes,No,No,No,No,No,No,No,No,No,No
18 and younger,Man,Multi-Racial,Computer Science,No,No,Yes,Yes,Yes,Yes,Yes,Yes,No,No,No,No,No,Yes,High Impact,Some Impact,Some Impact,No Impact,No Impact,No Impact,No Impact,Some Impact,No Impact,No Impact,No Impact,Some Impact,,,High Impact,High Impact,No,No,Yes,No,No,No,No,No,No,No,Yes,No,No,No,No,No,High Impact,,,,,High Impact,,,,,,,,High Impact,Yes,Yes,No,Yes,No,Yes,No,No,Yes,No,No,Yes
19-20,Man,White/Caucasian,Communications,No,Yes,No,Yes,No,No,Yes,Yes,No,No,No,No,No,No,High Impact,High Impact,Some Impact,Some Impact,High Impact,No Impact,High Impact,No Impact,No Impact,Some Impact,No Impact,No Impact,No Impact,No Impact,High Impact,No Impact,No,No,No,No,No,Yes,No,No,No,No,No,Yes,No,No,No,No,Some Impact,No Impact,No Impact,No Impact,No Impact,No Impact,No Impact,Some Impact,Some Impact,No Impact,No Impact,Some Impact,No Impact,High Impact,,,,,,,,,,,,
25-34,Man,Hispanic or Latino,Mechanical Engineering,Yes,Yes,Yes,Yes,Yes,No,Yes,Yes,No,No,No,No,No,No,Some Impact,Some Impact,High Impact,Some Impact,No Impact,Some Impact,High Impact,Some Impact,Some Impact,High Impact,High Impact,High Impact,No Impact,No Impact,High Impact,,Yes,No,No,No,No,No,No,No,No,Yes,No,Yes,No,No,No,No,No Impact,No Impact,No Impact,,,,,,,,,,,,,,,,,,,,,,,
21-24,Man,Multi-Racial,Computer Science,Yes,No,No,Yes,Yes,Yes,Yes,No,No,No,Yes,No,No,No,High Impact,High Impact,High Impact,Some Impact,Some Impact,Some Impact,Some Impact,Some Impact,Some Impact,Some Impact,Some Impact,,,Some Impact,High Impact,,No,No,No,Yes,No,No,No,No,No,No,No,No,No,No,No,No,Some Impact,,,Some Impact,,,,Some Impact,Some Impact,,Some Impact,,Some Impact,,Yes,Yes,No,Yes,Yes,Yes,No,No,No,Yes,Yes,Yes
18 and younger,Man,White/Caucasian,Data science,Yes,Yes,Yes,Yes,Don't recall,Don't recall,Don't recall,Don't recall,Don't recall,No,No,No,No,No,High Impact,High Impact,Some Impact,No Impact,Some Impact,No Impact,Some Impact,Some Impact,No Impact,Some Impact,No Impact,No Impact,No Impact,No Impact,No Impact,No Impact,No,Yes,Yes,No,No,No,No,No,No,No,No,No,No,No,No,No,No Impact,No Impact,No Impact,Some Impact,No Impact,No Impact,No Impact,High Impact,High Impact,No Impact,No Impact,No Impact,No Impact,No Impact,,,,,,,,,,,,
18 and younger,Man,White/Caucasian,Data science,Yes,Yes,Yes,Yes,Don't recall,Don't recall,Don't recall,Don't recall,Don't recall,No,No,No,No,No,High Impact,High Impact,Some Impact,No Impact,Some Impact,No Impact,Some Impact,Some Impact,No Impact,Some Impact,No Impact,No Impact,No Impact,No Impact,No Impact,No Impact,No,Yes,Yes,No,No,No,No,No,No,No,No,No,No,No,No,No,No Impact,No Impact,No Impact,Some Impact,No Impact,No Impact,No Impact,High Impact,High Impact,No Impact,No Impact,No Impact,No Impact,No Impact,,,,,,,,,,,,
18 and younger,Man,White/Caucasian,Data science,Yes,Yes,Yes,Yes,Don't recall,Don't recall,Don't recall,Don't recall,Don't recall,No,No,No,No,No,High Impact,High Impact,Some Impact,No Impact,Some Impact,No Impact,Some Impact,Some Impact,No Impact,Some Impact,No Impact,No Impact,No Impact,No Impact,No Impact,No Impact,No,Yes,Yes,No,No,No,No,No,No,No,No,No,No,No,No,No,No Impact,No Impact,No Impact,Some Impact,No Impact,No Impact,No Impact,High Impact,High Impact,No Impact,No Impact,No Impact,No Impact,No Impact,,,,,,,,,,,,
19-20,Prefer not to say,Asian,Computer Science,Yes,No,Yes,Yes,Yes,No,Yes,No,No,No,No,No,No,No,High Impact,High Impact,Some Impact,Some Impact,No Impact,No Impact,Some Impact,Some Impact,High Impact,High Impact,No Impact,No Impact,No Impact,No Impact,High Impact,No Impact,Yes,Yes,No,No,No,Yes,No,No,No,No,Yes,No,No,No,No,No,High Impact,High Impact,High Impact,Some Impact,No Impact,High Impact,No Impact,Some Impact,Some Impact,Some Impact,No Impact,No Impact,No Impact,No Impact,Yes,Yes,No,Yes,No,Yes,No,No,Yes,No,Yes,Yes
19-20,Woman,White/Caucasian,Computer Science,No,No,No,Yes,No,No,No,No,No,No,No,No,No,No,High Impact,High Impact,Some Impact,No Impact,High Impact,No Impact,High Impact,No Impact,No Impact,No Impact,No Impact,No Impact,No Impact,No Impact,High Impact,No Impact,No,No,No,No,No,No,No,No,No,No,No,No,No,No,No,No,Some Impact,No Impact,No Impact,No Impact,No Impact,No Impact,No Impact,Some Impact,Some Impact,Some Impact,No Impact,No Impact,No Impact,High Impact,Yes,No,No,Yes,No,Yes,No,No,No,No,No,Yes
18 and younger,Man,Choose not to reply,Undecided,Yes,No,No,Yes,Don't recall,No,Yes,Yes,No,No,No,No,No,Don't recall,High Impact,Some Impact,Some Impact,No Impact,High Impact,Some Impact,Some Impact,Some Impact,No Impact,High Impact,No Impact,No Impact,No Impact,No Impact,High Impact,No Impact,Yes,No,Not Sure,No,No,No,No,No,No,Not Sure,Yes,Yes,No,No,No,No,High Impact,Some Impact,High Impact,No Impact,High Impact,No Impact,No Impact,High Impact,High Impact,Some Impact,No Impact,No Impact,No Impact,No Impact,,,,,,,,,,,,
21-24,Woman,White/Caucasian,Information Technology,Yes,Yes,No,Yes,Yes,Yes,Yes,Yes,No,No,No,No,No,Don't recall,High Impact,High Impact,High Impact,High Impact,No Impact,Some Impact,High Impact,High Impact,,Some Impact,High Impact,High Impact,High Impact,,High Impact,,No,No,Not Sure,No,No,Yes,No,No,No,Yes,No,Yes,No,No,No,No,No Impact,No Impact,No Impact,No Impact,No Impact,No Impact,No Impact,High Impact,Some Impact,No Impact,Some Impact,Some Impact,No Impact,,Yes,No,No,Yes,No,Yes,No,No,Yes,No,Yes,Yes
21-24,Woman,White/Caucasian,Information Technology & Info Security Certificate,Yes,No,Yes,Yes,No,No,No,Yes,No,No,No,No,No,Don't recall,High Impact,Some Impact,High Impact,High Impact,,,Some Impact,High Impact,,Some Impact,High Impact,High Impact,No Impact,,High Impact,,No,No,No,No,No,No,No,No,No,Yes,No,Yes,No,No,No,No,,,,,,,,High Impact,,,,,,,,,,,,,,,,,,
35-64,Man,White/Caucasian,Mechanical Engineering,No,No,No,Yes,No,Yes,No,No,No,No,Yes,Yes,Yes,No,Some Impact,High Impact,High Impact,Some Impact,No Impact,No Impact,Some Impact,Some Impact,Some Impact,Some Impact,No Impact,No Impact,No Impact,No Impact,High Impact,No Impact,No,No,No,No,No,No,No,No,No,No,No,No,No,No,No,No,Some Impact,No Impact,No Impact,No Impact,No Impact,No Impact,No Impact,No Impact,No Impact,No Impact,No Impact,No Impact,Some Impact,Some Impact,,,,,,,,,,,,
18 and younger,Man,White/Caucasian,Undecided,No,No,No,Yes,Yes,No,No,No,No,No,No,No,No,No,No Impact,No Impact,No Impact,No Impact,Some Impact,No Impact,No Impact,No Impact,No Impact,High Impact,No Impact,No Impact,No Impact,No Impact,No Impact,High Impact,No,No,No,No,No,No,No,No,No,No,No,No,No,No,No,No,Some Impact,,,No Impact,No Impact,No Impact,No Impact,High Impact,High Impact,No Impact,No Impact,No Impact,No Impact,No Impact,,,,,,,,,,,,
21-24,Man,White/Caucasian,Mechanical Engineering,No,No,Yes,Yes,Yes,Yes,Yes,Yes,No,No,No,No,No,No,High Impact,High Impact,Some Impact,No Impact,High Impact,No Impact,Some Impact,High Impact,High Impact,Some Impact,High Impact,High Impact,High Impact,Some Impact,High Impact,No Impact,No,No,No,No,No,No,No,No,No,Yes,No,No,No,No,No,No,Some Impact,Some Impact,Some Impact,No Impact,No Impact,No Impact,No Impact,Some Impact,No Impact,No Impact,No Impact,No Impact,No Impact,No Impact,,,,,,,,,,,,
18 and younger,Man,Hispanic or Latino,Computer Science,No,No,No,Yes,No,No,No,Yes,No,No,No,No,No,No,High Impact,High Impact,Some Impact,No Impact,Some Impact,No Impact,Some Impact,Some Impact,Some Impact,No Impact,No Impact,No Impact,No Impact,No Impact,High Impact,No Impact,No,Yes,No,No,No,No,No,No,No,No,No,No,No,No,No,No,High Impact,No Impact,No Impact,No Impact,No Impact,High Impact,No Impact,No Impact,No Impact,No Impact,No Impact,No Impact,No Impact,No Impact,Yes,Yes,No,No,No,Yes,No,No,No,No,No,Yes
21-24,Man,White/Caucasian,Information Technology,Yes,No,No,Yes,No,No,No,No,No,No,No,No,No,No,High Impact,High Impact,Some Impact,Some Impact,Some Impact,High Impact,Some Impact,Some Impact,Some Impact,High Impact,Some Impact,High Impact,No Impact,Some Impact,High Impact,No Impact,No,No,No,No,No,No,No,No,No,No,No,No,No,No,No,No,No Impact,Some Impact,No Impact,Some Impact,Some Impact,No Impact,No Impact,High Impact,High Impact,Some Impact,No Impact,No Impact,No Impact,No Impact,Yes,No,No,Yes,Yes,Yes,No,No,Yes,Yes,Yes,No
18 and younger,Man,Multi-Racial,Computer Science,No,No,No,Yes,Yes,No,Yes,No,No,No,No,No,No,No,High Impact,Some Impact,No Impact,No Impact,Some Impact,No Impact,No Impact,Some Impact,Some Impact,No Impact,No Impact,No Impact,No Impact,No Impact,High Impact,No Impact,No,No,Yes,Yes,No,No,No,No,No,Yes,Yes,Yes,Not Sure,No,No,No,No Impact,Some Impact,Some Impact,No Impact,No Impact,No Impact,No Impact,Some Impact,Some Impact,High Impact,No Impact,No Impact,No Impact,No Impact,Yes,Yes,No,Yes,No,No,No,No,Yes,No,Yes,Yes
19-20,Woman,Asian,Computer Science,No,No,No,No,No,No,No,No,No,No,No,No,No,No,No Impact,High Impact,Some Impact,High Impact,High Impact,High Impact,High Impact,High Impact,Some Impact,Some Impact,Some Impact,High Impact,,,Some Impact,Some Impact,Yes,No,No,Yes,No,No,No,No,No,No,No,Yes,No,No,No,Yes,,,,,No Impact,,No Impact,No Impact,No Impact,,,,,,Yes,Yes,No,No,No,No,No,No,Yes,Yes,Yes,No
18 and younger,Man,White/Caucasian,Mechanical Engineering,Yes,No,No,Yes,No,No,No,Yes,No,No,No,No,No,No,Some Impact,Some Impact,High Impact,No Impact,No Impact,Some Impact,No Impact,Some Impact,No Impact,Some Impact,Some Impact,No Impact,,No Impact,Some Impact,No Impact,No,No,No,No,No,No,No,No,No,No,No,Yes,No,No,No,No,Some Impact,High Impact,High Impact,No Impact,No Impact,No Impact,No Impact,Some Impact,No Impact,Some Impact,No Impact,No Impact,No Impact,No Impact,,,,,,,,,,,,
18 and younger,Man,Multi-Racial,Mechanical Engineering,No,Don't recall,Yes,Yes,Yes,Don't recall,Yes,Yes,Don't recall,Don't recall,Don't recall,Don't recall,Don't recall,Don't recall,High Impact,High Impact,Some Impact,Some Impact,No Impact,Some Impact,Some Impact,Some Impact,No Impact,No Impact,High Impact,High Impact,No Impact,No Impact,High Impact,Some Impact,No,No,No,No,No,No,No,No,No,Yes,No,Yes,No,No,No,No,Some Impact,No Impact,No Impact,No Impact,No Impact,No Impact,No Impact,Some Impact,High Impact,No Impact,Some Impact,No Impact,High Impact,,,,,,,,,,,,,
18 and younger,Man,Multi-Racial,Computer Science,Yes,No,No,Yes,Yes,No,Yes,Yes,No,No,No,No,No,No,High Impact,Some Impact,Some Impact,Some Impact,Some Impact,No Impact,Some Impact,Some Impact,No Impact,No Impact,No Impact,No Impact,No Impact,No Impact,High Impact,No Impact,No,No,Yes,Yes,No,No,No,No,No,Yes,Yes,Yes,No,No,No,No,Some Impact,High Impact,Some Impact,No Impact,No Impact,No Impact,No Impact,Some Impact,Some Impact,High Impact,No Impact,No Impact,No Impact,No Impact,Yes,Yes,No,No,No,Yes,No,No,Yes,No,Yes,Yes
19-20,Man,White/Caucasian,Associates of Fine Arts Concentration Architecture,No,No,Yes,No,No,No,No,Yes,No,No,No,No,No,Don't recall,High Impact,Some Impact,High Impact,No Impact,No Impact,No Impact,No Impact,Some Impact,No Impact,No Impact,No Impact,No Impact,No Impact,No Impact,No Impact,No Impact,No,No,Yes,No,No,Yes,No,No,No,Yes,No,Yes,No,No,No,No,No Impact,No Impact,No Impact,No Impact,No Impact,No Impact,No Impact,No Impact,No Impact,No Impact,No Impact,No Impact,No Impact,No Impact,,,,,,,,,,,,
18 and younger,Man,White/Caucasian,Computer Science,No,No,No,Yes,No,No,Yes,No,No,No,No,No,No,No,High Impact,High Impact,No Impact,No Impact,Some Impact,No Impact,Some Impact,High Impact,No Impact,Some Impact,No Impact,No Impact,No Impact,No Impact,High Impact,No Impact,Yes,No,Not Sure,No,No,Yes,No,No,No,Yes,No,Yes,No,No,No,No,High Impact,,,,,,,Some Impact,,,,,No Impact,,Yes,Yes,No,No,No,No,No,No,No,No,Yes,No
19-20,Man,Multi-Racial,Non Degree seeking,Yes,No,No,Yes,No,No,No,No,No,No,No,No,No,No,Some Impact,Some Impact,High Impact,No Impact,Some Impact,No Impact,No Impact,No Impact,No Impact,No Impact,No Impact,Some Impact,No Impact,No Impact,High Impact,No Impact,No,No,No,No,No,No,No,No,No,No,No,No,No,No,No,No,No Impact,No Impact,No Impact,No Impact,No Impact,No Impact,No Impact,No Impact,No Impact,No Impact,No Impact,No Impact,No Impact,High Impact,,,,,,,,,,,,
18 and younger,Man,Multi-Racial,Mechanical Engineering,No,No,No,Yes,No,Yes,No,No,No,No,No,No,No,No,High Impact,No Impact,Some Impact,High Impact,Some Impact,Some Impact,No Impact,High Impact,Some Impact,Some Impact,No Impact,,,,High Impact,,No,No,Yes,Yes,No,No,No,No,No,No,No,Yes,No,No,No,No,Some Impact,No Impact,Some Impact,,,Some Impact,,,,,,,,High Impact,,,,,,,,,,,,
18 and younger,Man,White/Caucasian,Computer Science,No,No,Yes,Yes,No,No,No,No,No,No,No,No,No,No,High Impact,High Impact,High Impact,No Impact,Some Impact,No Impact,Some Impact,High Impact,No Impact,Some Impact,No Impact,,,,High Impact,No Impact,Yes,No,Not Sure,No,No,Yes,No,No,No,Yes,No,Yes,No,No,No,No,High Impact,No Impact,No Impact,No Impact,No Impact,No Impact,No Impact,Some Impact,No Impact,No Impact,No Impact,No Impact,No Impact,,Yes,Yes,No,No,No,No,No,No,Yes,No,Yes,No
19-20,Man,Multi-Racial,Non Degree seeking,Yes,No,No,Yes,No,No,No,No,No,No,No,No,No,No,No Impact,Some Impact,High Impact,No Impact,Some Impact,No Impact,No Impact,No Impact,No Impact,No Impact,No Impact,High Impact,No Impact,No Impact,High Impact,No Impact,No,No,No,No,No,No,No,No,No,No,No,No,No,No,No,No,No Impact,No Impact,No Impact,No Impact,No Impact,No Impact,No Impact,No Impact,No Impact,No Impact,No Impact,No Impact,No Impact,High Impact,,,,,,,,,,,,
18 and younger,Man,Multi-Racial,Mechanical Engineering,No,No,No,Yes,No,Yes,No,No,No,No,No,No,No,No,High Impact,No Impact,High Impact,High Impact,Some Impact,Some Impact,No Impact,High Impact,No Impact,Some Impact,No Impact,,,,High Impact,,No,No,Yes,Yes,No,No,No,No,No,No,No,No,No,No,No,No,Some Impact,No Impact,Some Impact,,,Some Impact,,,,,,,,Some Impact,,,,,,,,,,,,
19-20,Man,Hispanic or Latino,Information Technology,No,No,No,No,Yes,No,Yes,Yes,No,No,No,No,No,No,High Impact,High Impact,Some Impact,Some Impact,Some Impact,High Impact,Some Impact,High Impact,Some Impact,Some Impact,Some Impact,Some Impact,Some Impact,Some Impact,Some Impact,Some Impact,No,No,No,No,No,No,No,No,No,No,Yes,No,No,No,No,No,Some Impact,Some Impact,Some Impact,Some Impact,Some Impact,No Impact,No Impact,No Impact,No Impact,High Impact,No Impact,High Impact,No Impact,No Impact,Yes,Yes,No,No,Yes,Yes,Yes,No,No,Yes,Yes,Yes
21-24,Man,Multi-Racial,Mechanical Engineering,No,No,No,No,No,No,Don't recall,Don't recall,No,No,No,No,No,Yes,High Impact,Some Impact,No Impact,No Impact,No Impact,No Impact,No Impact,Some Impact,Some Impact,No Impact,Some Impact,,,,Some Impact,,No,No,Yes,No,No,No,No,No,No,No,No,Yes,No,No,No,No,No Impact,No Impact,,,,,,,,,,,,,,,,,,,,,,,,
25-34,Woman,Asian,Computer Science,Yes,No,No,Yes,Yes,No,No,No,No,Yes,Yes,No,No,No,High Impact,High Impact,High Impact,High Impact,No Impact,No Impact,Some Impact,High Impact,High Impact,No Impact,Some Impact,High Impact,No Impact,No Impact,High Impact,No Impact,No,No,Yes,No,No,No,No,No,No,No,No,Yes,No,No,No,No,No Impact,No Impact,Some Impact,No Impact,No Impact,No Impact,No Impact,No Impact,No Impact,No Impact,No Impact,High Impact,Some Impact,,Yes,Yes,No,Yes,Yes,Yes,No,No,Yes,Yes,Yes,Yes
25-34,Woman,Asian,Computer Science,Yes,No,No,Yes,Yes,No,No,No,No,Yes,Yes,No,No,No,High Impact,High Impact,High Impact,High Impact,No Impact,No Impact,Some Impact,High Impact,High Impact,No Impact,No Impact,High Impact,No Impact,No Impact,High Impact,No Impact,No,No,Yes,No,No,No,No,No,No,No,No,Yes,No,No,No,No,No Impact,No Impact,Some Impact,No Impact,No Impact,No Impact,No Impact,No Impact,No Impact,No Impact,Some Impact,High Impact,Some Impact,No Impact,Yes,Yes,No,Yes,Yes,Yes,No,No,Yes,Yes,Yes,Yes
19-20,Man,Hispanic or Latino,Web Development Certificate of Achievement,Yes,Yes,No,No,No,No,No,No,No,No,No,No,No,No,High Impact,No Impact,High Impact,High Impact,No Impact,No Impact,Some Impact,High Impact,High Impact,No Impact,No Impact,No Impact,No Impact,No Impact,No Impact,No Impact,No,No,No,No,No,No,No,No,No,No,No,No,No,No,No,No,Some Impact,Some Impact,No Impact,No Impact,No Impact,No Impact,No Impact,No Impact,No Impact,No Impact,No Impact,No Impact,No Impact,No Impact,Yes,No,No,Yes,Yes,Yes,No,No,No,No,No,Yes
35-64,Man,Multi-Racial,Information Technology,Yes,No,No,No,Yes,No,No,No,No,No,No,No,No,No,High Impact,High Impact,High Impact,High Impact,High Impact,High Impact,High Impact,High Impact,High Impact,High Impact,Some Impact,Some Impact,No Impact,No Impact,High Impact,No Impact,Yes,No,Yes,Yes,No,No,No,No,No,No,No,No,No,No,No,No,No Impact,No Impact,No Impact,No Impact,No Impact,No Impact,No Impact,Some Impact,No Impact,No Impact,No Impact,No Impact,No Impact,Some Impact,Yes,Yes,No,Yes,Yes,Yes,Yes,No,Yes,Yes,Yes,Yes
35-64,Man,Multi-Racial,Information Technology,Yes,Yes,No,Yes,No,No,No,No,No,No,No,No,No,No,High Impact,High Impact,High Impact,High Impact,High Impact,High Impact,High Impact,High Impact,High Impact,High Impact,Some Impact,High Impact,No Impact,No Impact,High Impact,No Impact,Yes,No,Yes,Yes,No,No,No,No,No,No,No,No,No,No,No,No,No Impact,No Impact,No Impact,No Impact,No Impact,No Impact,No Impact,High Impact,No Impact,No Impact,No Impact,No Impact,No Impact,No Impact,Yes,Yes,No,Yes,Yes,Yes,Yes,No,Yes,Yes,Yes,Yes
25-34,Man,White/Caucasian,Electrical Engineering,Yes,Yes,Yes,Yes,Yes,Yes,No,No,No,Yes,Yes,Yes,Yes,Yes,High Impact,High Impact,High Impact,High Impact,High Impact,High Impact,High Impact,Some Impact,Some Impact,High Impact,High Impact,High Impact,,,High Impact,,No,No,No,No,No,No,No,No,No,No,No,No,No,No,No,No,Some Impact,Some Impact,,,,,,Some Impact,Some Impact,,Some Impact,,Some Impact,,,,,,,,,,,,,
19-20,Man,White/Caucasian,Computer Science,Yes,No,No,No,No,No,Yes,Yes,No,No,No,Yes,No,No,Some Impact,High Impact,No Impact,No Impact,Some Impact,Some Impact,No Impact,High Impact,Some Impact,High Impact,No Impact,No Impact,No Impact,No Impact,No Impact,High Impact,Yes,No,No,No,No,No,No,No,No,No,No,No,No,No,No,No,,,,,,,,,,,,,,,Yes,Yes,No,Yes,No,No,No,No,Yes,Yes,Yes,Yes
19-20,Man,White/Caucasian,Computer Science,Yes,No,No,Yes,No,No,Yes,Yes,No,No,Yes,Yes,No,No,High Impact,,,,,,,High Impact,High Impact,High Impact,,,,,,,Yes,No,No,No,No,No,No,No,No,No,No,No,No,No,No,No,,,,,,,,,,,,,,,Yes,Yes,No,Yes,No,No,No,No,No,Yes,Yes,Yes
21-24,Man,White/Caucasian,"Technical Studies, Applied Associate of Science",No,No,No,Yes,Yes,Yes,No,No,No,No,No,No,No,No,No Impact,Some Impact,High Impact,No Impact,Some Impact,No Impact,No Impact,No Impact,No Impact,No Impact,No Impact,Some Impact,No Impact,No Impact,High Impact,No Impact,No,No,No,No,No,No,No,No,No,No,No,No,No,No,No,No,No Impact,No Impact,No Impact,No Impact,No Impact,No Impact,No Impact,Some Impact,High Impact,No Impact,High Impact,No Impact,High Impact,No Impact,Yes,Yes,No,Yes,Yes,Yes,No,No,No,No,No,No
19-20,Man,White/Caucasian,Mechanical Engineering,Yes,No,No,No,Yes,Yes,No,Yes,No,No,No,No,No,No,High Impact,High Impact,High Impact,Some Impact,No Impact,No Impact,High Impact,Some Impact,Some Impact,Some Impact,No Impact,High Impact,No Impact,No Impact,High Impact,No Impact,No,No,No,No,No,No,No,No,No,No,No,No,No,No,No,No,High Impact,High Impact,High Impact,Some Impact,Some Impact,No Impact,No Impact,High Impact,High Impact,Some Impact,No Impact,No Impact,No Impact,No Impact,,,,,,,,,,,,
19-20,Man,White/Caucasian,Mechanical Engineering,Yes,No,No,No,No,No,No,No,No,No,No,No,No,No,High Impact,High Impact,High Impact,High Impact,Some Impact,Some Impact,High Impact,High Impact,High Impact,High Impact,High Impact,Some Impact,Some Impact,No Impact,High Impact,No Impact,No,No,No,No,No,No,No,No,No,No,No,No,No,No,No,No,No Impact,No Impact,No Impact,No Impact,No Impact,No Impact,No Impact,No Impact,No Impact,No Impact,No Impact,No Impact,No Impact,High Impact,,,,,,,,,,,,
19-20,Man,White/Caucasian,Mechanical Engineering,Yes,No,No,No,No,No,No,No,No,No,No,No,No,No,High Impact,High Impact,High Impact,No Impact,Some Impact,No Impact,Some Impact,High Impact,No Impact,Some Impact,Some Impact,Some Impact,Some Impact,No Impact,High Impact,High Impact,No,No,No,No,No,No,No,No,No,No,No,No,No,No,No,No,No Impact,No Impact,No Impact,No Impact,No Impact,No Impact,No Impact,No Impact,No Impact,No Impact,No Impact,No Impact,No Impact,Some Impact,,,,,,,,,,,,
21-24,Man,Multi-Racial,Mechanical Engineering,No,No,No,Yes,No,No,No,No,No,No,No,No,No,No,High Impact,Some Impact,High Impact,Some Impact,High Impact,Some Impact,Some Impact,Some Impact,Some Impact,Some Impact,No Impact,No Impact,No Impact,Some Impact,Some Impact,No Impact,No,No,No,No,No,No,No,No,No,No,No,No,No,No,No,No,No Impact,No Impact,No Impact,No Impact,No Impact,Some Impact,No Impact,No Impact,No Impact,No Impact,No Impact,No Impact,No Impact,No Impact,,,,,,,,,,,,
19-20,Man,White/Caucasian,Non Degree seeking,No,No,No,Yes,Yes,No,No,No,No,No,No,No,No,No,No Impact,High Impact,Some Impact,High Impact,High Impact,Some Impact,,,,High Impact,,,High Impact,,High Impact,,No,No,No,No,No,No,No,No,No,No,No,No,No,No,No,No,Some Impact,,High Impact,,,,,High Impact,High Impact,,,,,,,,,,,,,,,,,
19-20,Man,Multi-Racial,Computer Science,No,No,No,Yes,No,No,No,No,No,No,No,No,No,No,Some Impact,High Impact,No Impact,No Impact,No Impact,No Impact,No Impact,Some Impact,Some Impact,Some Impact,No Impact,Some Impact,Some Impact,No Impact,High Impact,No Impact,No,No,No,No,No,No,No,No,No,No,No,No,No,No,No,No,No Impact,High Impact,No Impact,No Impact,No Impact,No Impact,No Impact,Some Impact,High Impact,Some Impact,No Impact,No Impact,No Impact,No Impact,Yes,Yes,No,Yes,No,No,No,No,No,No,Yes,No
19-20,Man,Multi-Racial,Computer Science,Yes,No,No,Yes,No,No,No,No,No,No,No,No,No,No,High Impact,High Impact,No Impact,No Impact,No Impact,No Impact,No Impact,Some Impact,Some Impact,Some Impact,No Impact,Some Impact,Some Impact,No Impact,Some Impact,No Impact,No,No,No,No,No,No,No,No,No,No,No,No,No,No,No,No,No Impact,High Impact,No Impact,No Impact,No Impact,No Impact,No Impact,High Impact,High Impact,Some Impact,No Impact,No Impact,No Impact,No Impact,Yes,Yes,No,Yes,No,No,No,No,No,No,Yes,No
19-20,Man,Black/African American,Information Technology,Don't recall,Don't recall,Don't recall,Don't recall,Yes,Don't recall,Don't recall,Don't recall,Don't recall,Don't recall,Yes,Don't recall,Don't recall,Yes,No Impact,High Impact,No Impact,High Impact,No Impact,No Impact,No Impact,No Impact,No Impact,No Impact,No Impact,No Impact,High Impact,No Impact,No Impact,No Impact,No,No,No,No,No,No,No,No,No,No,No,No,No,No,No,No,High Impact,No Impact,Some Impact,High Impact,Some Impact,No Impact,No Impact,High Impact,High Impact,High Impact,No Impact,No Impact,No Impact,No Impact,Yes,Yes,No,Yes,No,Yes,No,Yes,Yes,Yes,Yes,Yes
19-20,Man,Multi-Racial,Information Technology,Yes,No,No,Yes,No,No,No,Yes,No,No,No,No,No,No,No Impact,High Impact,High Impact,High Impact,No Impact,No Impact,High Impact,No Impact,,,,,,,,,Yes,No,No,Yes,No,No,No,No,No,No,No,No,No,No,No,No,No Impact,No Impact,No Impact,No Impact,No Impact,No Impact,No Impact,No Impact,No Impact,High Impact,No Impact,No Impact,No Impact,No Impact,Yes,Yes,No,Yes,No,Yes,No,No,No,No,No,No
19-20,Man,Hispanic or Latino,Computer Science,Yes,Don't recall,No,No,No,No,Yes,Yes,No,No,No,No,No,No,High Impact,High Impact,No Impact,No Impact,No Impact,No Impact,Some Impact,Some Impact,Some Impact,No Impact,No Impact,No Impact,No Impact,No Impact,Some Impact,No Impact,No,No,No,No,No,No,No,No,No,No,No,Yes,No,No,No,No,No Impact,No Impact,No Impact,No Impact,No Impact,No Impact,No Impact,Some Impact,High Impact,No Impact,No Impact,No Impact,No Impact,No Impact,Yes,Yes,No,No,No,No,No,No,No,No,Yes,Yes
19-20,Man,Multi-Racial,Computer Science,Yes,No,No,Yes,Yes,Yes,Yes,No,No,No,No,No,No,No,Some Impact,Some Impact,No Impact,No Impact,No Impact,No Impact,No Impact,Some Impact,No Impact,No Impact,No Impact,No Impact,No Impact,No Impact,Some Impact,No Impact,No,No,No,No,No,No,No,No,No,No,No,No,No,No,No,No,No Impact,No Impact,No Impact,No Impact,No Impact,No Impact,No Impact,No Impact,No Impact,No Impact,No Impact,Some Impact,Some Impact,Some Impact,No,No,No,Yes,No,Yes,No,No,Yes,No,No,Yes
25-34,Man,White/Caucasian,Data Analytics Certificate of Achievement,No,No,No,Yes,Yes,Yes,No,No,No,Yes,No,No,No,No,Some Impact,Some Impact,Some Impact,No Impact,High Impact,High Impact,No Impact,No Impact,No Impact,No Impact,No Impact,No Impact,No Impact,No Impact,No Impact,No Impact,No,No,Yes,No,No,No,No,No,No,No,No,No,Yes,No,No,No,No Impact,No Impact,No Impact,No Impact,No Impact,No Impact,No Impact,High Impact,High Impact,No Impact,No Impact,No Impact,No Impact,No Impact,Yes,No,No,Yes,Yes,Yes,No,No,Yes,Yes,No,Yes
